-- MySQL Administrator dump 1.4
--
-- ------------------------------------------------------
-- Server version	5.5.32


/*!40101 SET @OLD_CHARACTER_SET_CLIENT=@@CHARACTER_SET_CLIENT */;
/*!40101 SET @OLD_CHARACTER_SET_RESULTS=@@CHARACTER_SET_RESULTS */;
/*!40101 SET @OLD_COLLATION_CONNECTION=@@COLLATION_CONNECTION */;
/*!40101 SET NAMES utf8 */;

/*!40014 SET @OLD_UNIQUE_CHECKS=@@UNIQUE_CHECKS, UNIQUE_CHECKS=0 */;
/*!40014 SET @OLD_FOREIGN_KEY_CHECKS=@@FOREIGN_KEY_CHECKS, FOREIGN_KEY_CHECKS=0 */;
/*!40101 SET @OLD_SQL_MODE=@@SQL_MODE, SQL_MODE='NO_AUTO_VALUE_ON_ZERO' */;


--
-- Create schema coop
--

CREATE DATABASE IF NOT EXISTS coop;
USE coop;

--
-- Definition of table `cuotas`
--

DROP TABLE IF EXISTS `cuotas`;
CREATE TABLE `cuotas` (
  `codigocuota` int(10) unsigned NOT NULL AUTO_INCREMENT,
  `descripcioncuota` varchar(50) DEFAULT NULL,
  `valorcuota` decimal(10,2) NOT NULL,
  `fechainicio` timestamp NOT NULL DEFAULT CURRENT_TIMESTAMP ON UPDATE CURRENT_TIMESTAMP,
  `fechafin` timestamp NOT NULL DEFAULT '0000-00-00 00:00:00',
  `estado` varchar(1) NOT NULL,
  `ordencuota` int(10) unsigned DEFAULT NULL,
  PRIMARY KEY (`codigocuota`),
  UNIQUE KEY `cuotas_unique_descripcioncuota` (`descripcioncuota`)
) ENGINE=InnoDB AUTO_INCREMENT=68 DEFAULT CHARSET=latin1;

--
-- Dumping data for table `cuotas`
--

/*!40000 ALTER TABLE `cuotas` DISABLE KEYS */;
INSERT INTO `cuotas` (`codigocuota`,`descripcioncuota`,`valorcuota`,`fechainicio`,`fechafin`,`estado`,`ordencuota`) VALUES 
 (7,'ADMINISTRACION ENERO 2019','4.00','2020-01-11 09:24:46','2019-01-31 00:00:00','1',32),
 (8,'CUOTA ABOGADO HASTA MINUTA','120.00','2016-08-27 00:00:00','2017-08-27 00:00:00','1',1),
 (9,'CUOTA TOPOGRAFIA  HASTA ESCRITURA','50.00','2017-11-25 00:00:00','2018-02-28 00:00:00','1',2),
 (10,'CUOTA IMPUESTO 2018','5.00','2017-11-25 00:00:00','2018-02-28 00:00:00','1',3),
 (11,'CUOTA APOYO VISITA ALCALDE 2018','3.00','2017-11-25 00:00:00','2018-02-28 00:00:00','1',4),
 (12,'CUOTA ESCRITURA','265.00','2018-02-24 00:00:00','2019-02-24 00:00:00','1',5),
 (13,'CUOTA REGISTRO PROPIEDAD','7.00','2018-06-30 00:00:00','2019-06-30 00:00:00','1',6),
 (14,'CUOTA IMPUESTO PREDIAL 2019','5.00','2019-01-02 00:00:00','2019-04-02 00:00:00','1',7),
 (30,'ADMINISTRACION ENERO 2017','4.00','2017-01-01 00:00:00','2017-02-15 00:00:00','1',8),
 (31,'ADMINISTRACION FEBRERO 2017','4.00','2017-02-01 00:00:00','2017-03-15 00:00:00','1',9),
 (32,'ADMINISTRACION MARZO 2017','4.00','2017-03-01 00:00:00','2017-04-15 00:00:00','1',10),
 (33,'ADMINISTRACION ABRIL 2017','4.00','2017-04-01 00:00:00','2017-05-15 00:00:00','1',11),
 (34,'ADMINISTRACION MAYO 2017','4.00','2017-05-01 00:00:00','2017-06-15 00:00:00','1',12),
 (35,'ADMINISTRACION JUNIO 2017','4.00','2017-06-01 00:00:00','2017-07-15 00:00:00','1',13),
 (36,'ADMINISTRACION JULIO 2017','4.00','2017-07-01 00:00:00','2017-08-15 00:00:00','1',14),
 (37,'ADMINISTRACION AGOSTO2017','4.00','2017-08-01 00:00:00','2017-09-15 00:00:00','1',15),
 (38,'ADMINISTRACION SEPTIEMBRE 2017','4.00','2017-09-01 00:00:00','2017-10-15 00:00:00','1',16),
 (39,'ADMINISTRACION OCTUBRE 2017','4.00','2017-10-01 00:00:00','2017-11-15 00:00:00','1',17),
 (40,'ADMINISTRACION NOVIEMBRE 2017','4.00','2017-11-01 00:00:00','2017-12-15 00:00:00','1',18),
 (41,'ADMINISTRACION DICIEMBRE 2017','4.00','2017-12-01 00:00:00','2018-01-15 00:00:00','1',19),
 (42,'ADMINISTRACION ENERO 2018','4.00','2018-01-01 00:00:00','2018-02-15 00:00:00','1',20),
 (43,'ADMINISTRACION FEBRERO 2018','4.00','2018-02-01 00:00:00','2018-03-15 00:00:00','1',21),
 (44,'ADMINISTRACION MARZO 2018','4.00','2018-03-01 00:00:00','2018-04-15 00:00:00','1',22),
 (45,'ADMINISTRACION ABRIL 2018','4.00','2018-04-01 00:00:00','2018-05-15 00:00:00','1',23),
 (46,'ADMINISTRACION MAYO 2018','4.00','2018-05-01 00:00:00','2018-06-15 00:00:00','1',24),
 (47,'ADMINISTRACION JUNIO 2018','4.00','2018-06-01 00:00:00','2018-07-15 00:00:00','1',25),
 (48,'ADMINISTRACION JULIO 2018','4.00','2018-07-01 00:00:00','2018-08-15 00:00:00','1',26),
 (49,'ADMINISTRACION AGOSTO2018','4.00','2018-08-01 00:00:00','2018-09-15 00:00:00','1',27),
 (50,'ADMINISTRACION SEPTIEMBRE 2018','4.00','2018-09-01 00:00:00','2018-10-15 00:00:00','1',28),
 (51,'ADMINISTRACION OCTUBRE 2018','4.00','2018-10-01 00:00:00','2018-11-15 00:00:00','1',29),
 (52,'ADMINISTRACION NOVIEMBRE 2018','4.00','2018-11-01 00:00:00','2018-12-15 00:00:00','1',30),
 (53,'ADMINISTRACION DICIEMBRE 2018','4.00','2018-12-01 00:00:00','2019-01-15 00:00:00','1',31),
 (55,'ADMINISTRACION FEBRERO 2019','4.00','2019-02-01 00:00:00','2019-03-15 00:00:00','1',33),
 (56,'ADMINISTRACION MARZO 2019','4.00','2019-03-01 00:00:00','2019-04-15 00:00:00','1',34),
 (57,'ADMINISTRACION ABRIL 2019','4.00','2019-04-01 00:00:00','2019-05-15 00:00:00','1',35),
 (58,'ADMINISTRACION MAYO 2019','4.00','2019-05-01 00:00:00','2019-06-15 00:00:00','1',36),
 (59,'ADMINISTRACION JUNIO 2019','4.00','2019-06-01 00:00:00','2019-07-15 00:00:00','1',37),
 (60,'ADMINISTRACION JULIO 2019','4.00','2019-07-01 00:00:00','2019-08-15 00:00:00','1',38),
 (61,'ADMINISTRACION AGOSTO2019','4.00','2019-08-01 00:00:00','2019-09-15 00:00:00','1',39),
 (62,'ADMINISTRACION SEPTIEMBRE 2019','4.00','2019-09-01 00:00:00','2019-10-15 00:00:00','1',40),
 (63,'ADMINISTRACION OCTUBRE 2019','4.00','2019-10-01 00:00:00','2019-11-15 00:00:00','1',41),
 (64,'ADMINISTRACION NOVIEMBRE 2019','4.00','2019-11-01 00:00:00','2019-12-15 00:00:00','1',42),
 (65,'ADMINISTRACION DICIEMBRE 2019','4.00','2019-12-01 00:00:00','2020-01-15 00:00:00','1',43),
 (66,'ADMINISTRACION ENERO 2020','4.00','2020-01-01 00:00:00','2020-02-15 00:00:00','1',44),
 (67,'ADMINISTRACION FEBRERO 2020','4.00','2020-02-01 00:00:00','2020-03-15 00:00:00','1',45);
/*!40000 ALTER TABLE `cuotas` ENABLE KEYS */;


--
-- Definition of table `depositos`
--

DROP TABLE IF EXISTS `depositos`;
CREATE TABLE `depositos` (
  `codigodeposito` int(10) unsigned NOT NULL AUTO_INCREMENT,
  `numerodeposito` varchar(45) NOT NULL,
  `codigopersona` int(10) unsigned NOT NULL,
  `fechadeposito` timestamp NOT NULL DEFAULT CURRENT_TIMESTAMP ON UPDATE CURRENT_TIMESTAMP,
  `valordeposito` decimal(10,2) NOT NULL DEFAULT '0.00',
  `tipodeposito` varchar(45) DEFAULT NULL,
  `estado` varchar(1) NOT NULL,
  PRIMARY KEY (`codigodeposito`),
  UNIQUE KEY `depositos_unique_numerodeposito` (`numerodeposito`) USING BTREE
) ENGINE=InnoDB AUTO_INCREMENT=40 DEFAULT CHARSET=latin1;

--
-- Dumping data for table `depositos`
--

/*!40000 ALTER TABLE `depositos` DISABLE KEYS */;
INSERT INTO `depositos` (`codigodeposito`,`numerodeposito`,`codigopersona`,`fechadeposito`,`valordeposito`,`tipodeposito`,`estado`) VALUES 
 (38,'D1',223,'2020-01-11 21:21:07','10.00','DEP','1'),
 (39,'D2',223,'2020-01-10 00:00:00','15.00','DEP','1');
/*!40000 ALTER TABLE `depositos` ENABLE KEYS */;


--
-- Definition of table `depositospersonas`
--

DROP TABLE IF EXISTS `depositospersonas`;
CREATE TABLE `depositospersonas` (
  `codigodeposito` int(10) unsigned NOT NULL AUTO_INCREMENT,
  `codigopersona` int(10) unsigned NOT NULL,
  `estado` varchar(1) NOT NULL,
  PRIMARY KEY (`codigodeposito`,`codigopersona`)
) ENGINE=InnoDB AUTO_INCREMENT=39 DEFAULT CHARSET=latin1;

--
-- Dumping data for table `depositospersonas`
--

/*!40000 ALTER TABLE `depositospersonas` DISABLE KEYS */;
INSERT INTO `depositospersonas` (`codigodeposito`,`codigopersona`,`estado`) VALUES 
 (38,163,'1'),
 (38,223,'1'),
 (38,611,'1'),
 (38,624,'1');
/*!40000 ALTER TABLE `depositospersonas` ENABLE KEYS */;


--
-- Definition of table `games`
--

DROP TABLE IF EXISTS `games`;
CREATE TABLE `games` (
  `id` int(11) NOT NULL AUTO_INCREMENT,
  `name` varchar(20) DEFAULT NULL,
  `price` float DEFAULT NULL,
  PRIMARY KEY (`id`)
) ENGINE=InnoDB AUTO_INCREMENT=7 DEFAULT CHARSET=latin1;

--
-- Dumping data for table `games`
--

/*!40000 ALTER TABLE `games` DISABLE KEYS */;
INSERT INTO `games` (`id`,`name`,`price`) VALUES 
 (2,'Alex El Leon',100.01),
 (3,'Cars',12),
 (4,'Josue',9),
 (5,'SPIDERMAN',40),
 (6,'SUPERMAN',40.06);
/*!40000 ALTER TABLE `games` ENABLE KEYS */;


--
-- Definition of table `lotes`
--

DROP TABLE IF EXISTS `lotes`;
CREATE TABLE `lotes` (
  `codigolote` int(10) unsigned NOT NULL AUTO_INCREMENT,
  `codigoreferencia` varchar(10) NOT NULL,
  `codigopersona` int(10) unsigned NOT NULL,
  `estado` varchar(1) NOT NULL,
  `manzana` varchar(3) NOT NULL,
  `numerolote` varchar(3) NOT NULL,
  PRIMARY KEY (`codigolote`),
  UNIQUE KEY `lotes_unique_codigoreferencia` (`codigoreferencia`),
  UNIQUE KEY `lotes_unique_manzana_numerolote` (`manzana`,`numerolote`) USING BTREE
) ENGINE=InnoDB AUTO_INCREMENT=399 DEFAULT CHARSET=latin1;

--
-- Dumping data for table `lotes`
--

/*!40000 ALTER TABLE `lotes` DISABLE KEYS */;
INSERT INTO `lotes` (`codigolote`,`codigoreferencia`,`codigopersona`,`estado`,`manzana`,`numerolote`) VALUES 
 (156,'A-1',162,'1','A','1'),
 (157,'A-2',163,'1','A','2'),
 (158,'A-3',164,'1','A','3'),
 (159,'A-4',165,'1','A','4'),
 (160,'A-5',166,'1','A','5'),
 (161,'A-6',167,'1','A','6'),
 (162,'A-7',168,'1','A','7'),
 (163,'A-8',169,'1','A','8'),
 (164,'A-9',170,'1','A','9'),
 (165,'A-10',171,'1','A','10'),
 (166,'A-11',172,'1','A','11'),
 (167,'A-12',173,'1','A','12'),
 (168,'A-13',174,'1','A','13'),
 (169,'A-14',175,'1','A','14'),
 (170,'A-15',176,'1','A','15'),
 (171,'A-16',177,'1','A','16'),
 (172,'A-17',178,'1','A','17'),
 (173,'A-18',179,'1','A','18'),
 (174,'B-1',180,'1','B','1'),
 (175,'B-2',181,'1','B','2'),
 (176,'B-3',182,'1','B','3'),
 (177,'B-4',183,'1','B','4'),
 (178,'B-5',184,'1','B','5'),
 (179,'B-6',185,'1','B','6'),
 (180,'B-7',186,'1','B','7'),
 (181,'B-8',187,'1','B','8'),
 (182,'B-9',188,'1','B','9'),
 (183,'B-10',189,'1','B','10'),
 (184,'B-11',190,'1','B','11'),
 (185,'C-1',191,'1','C','1'),
 (186,'C-2',192,'1','C','2'),
 (187,'C-3',193,'1','C','3'),
 (188,'C-4',194,'1','C','4'),
 (189,'C-5',195,'1','C','5'),
 (190,'C-6',196,'1','C','6'),
 (191,'C-7',197,'1','C','7'),
 (192,'C-8',198,'1','C','8'),
 (193,'C-9',199,'1','C','9'),
 (194,'C-10',200,'1','C','10'),
 (195,'C-11',201,'1','C','11'),
 (196,'D-1',202,'1','D','1'),
 (197,'D-2',203,'1','D','2'),
 (198,'D-3',204,'1','D','3'),
 (199,'D-4',205,'1','D','4'),
 (200,'D-5',206,'1','D','5'),
 (201,'D-6',207,'1','D','6'),
 (202,'D-7',208,'1','D','7'),
 (203,'D-8',209,'1','D','8'),
 (204,'D-9',210,'1','D','9'),
 (205,'D-10',211,'1','D','10'),
 (206,'D-11',212,'1','D','11'),
 (207,'E-1',213,'1','E','1'),
 (208,'E-2',214,'1','E','2'),
 (209,'E-3',215,'1','E','3'),
 (210,'E-4',216,'1','E','4'),
 (211,'F-1',217,'1','F','1'),
 (212,'F-2',218,'1','F','2'),
 (213,'F-3',219,'1','F','3'),
 (214,'F-4',219,'1','F','4'),
 (215,'F-5',221,'1','F','5'),
 (216,'F-6',222,'1','F','6'),
 (217,'F-7',223,'1','F','7'),
 (218,'G-1',224,'1','G','1'),
 (219,'G-2',225,'1','G','2'),
 (220,'G-3',226,'1','G','3'),
 (221,'G-4',227,'1','G','4'),
 (222,'G-5',228,'1','G','5'),
 (223,'G-6',229,'1','G','6'),
 (224,'G-7',230,'1','G','7'),
 (225,'G-8',231,'1','G','8'),
 (226,'G-9',188,'1','G','9'),
 (227,'G-10',233,'1','G','10'),
 (228,'G-11',234,'1','G','11'),
 (229,'G-12',188,'1','G','12'),
 (230,'G-13',188,'1','G','13'),
 (231,'G-14',237,'1','G','14'),
 (232,'G-15',188,'1','G','15'),
 (233,'G-16',188,'1','G','16'),
 (234,'H-1',240,'1','H','1'),
 (235,'H-2',241,'1','H','2'),
 (236,'H-3',242,'1','H','3'),
 (237,'H-4',243,'1','H','4'),
 (238,'H-5',244,'1','H','5'),
 (239,'H-6',245,'1','H','6'),
 (240,'H-7',246,'1','H','7'),
 (241,'H-8',247,'1','H','8'),
 (242,'H-9',248,'1','H','9'),
 (243,'H-10',249,'1','H','10'),
 (244,'H-11',250,'1','H','11'),
 (245,'H-12',251,'1','H','12'),
 (246,'H-13',252,'1','H','13'),
 (247,'H-14',253,'1','H','14'),
 (248,'I-1',254,'1','I','1'),
 (249,'I-2',255,'1','I','2'),
 (250,'I-3',256,'1','I','3'),
 (251,'I-4',257,'1','I','4'),
 (252,'I-5',258,'1','I','5'),
 (253,'I-6',259,'1','I','6'),
 (352,'J-5',578,'1','J','5'),
 (353,'J-6',579,'1','J','6'),
 (354,'J-7',580,'1','J','7'),
 (355,'J-8',581,'1','J','8'),
 (356,'J-9',582,'1','J','9'),
 (357,'J-10',583,'1','J','10'),
 (358,'J-11',584,'1','J','11'),
 (359,'J-12',585,'1','J','12'),
 (360,'J-13',586,'1','J','13'),
 (361,'J-14',587,'1','J','14'),
 (362,'J-15',588,'1','J','15'),
 (363,'J-16',589,'1','J','16'),
 (364,'J-17',590,'1','J','17'),
 (365,'J-18',591,'1','J','18'),
 (366,'J-19',592,'1','J','19'),
 (367,'J-20',593,'1','J','20'),
 (368,'J-21',594,'1','J','21'),
 (369,'J-22',595,'1','J','22'),
 (370,'J-23',596,'1','J','23'),
 (371,'K-1',597,'1','K','1'),
 (372,'K-2',598,'1','K','2'),
 (373,'K-3',599,'1','K','3'),
 (374,'K-4',600,'1','K','4'),
 (375,'K-5',601,'1','K','5'),
 (376,'K-6',602,'1','K','6'),
 (377,'K-7',603,'1','K','7'),
 (378,'K-8',604,'1','K','8'),
 (379,'K-9',605,'1','K','9'),
 (380,'K-10',606,'1','K','10'),
 (381,'K-11',607,'1','K','11'),
 (382,'K-12',608,'1','K','12'),
 (383,'K-13',609,'1','K','13'),
 (384,'K-14',610,'1','K','14'),
 (385,'K-15',611,'1','K','15'),
 (386,'K-16',612,'1','K','16'),
 (387,'K-17',613,'1','K','17'),
 (388,'K-18',614,'1','K','18'),
 (389,'K-19',199,'1','K','19'),
 (390,'K-20',616,'1','K','20'),
 (391,'K-21',256,'1','K','21'),
 (392,'K-22',618,'1','K','22'),
 (393,'K-23',619,'1','K','23'),
 (394,'K-24',620,'1','K','24'),
 (395,'K-25',621,'1','K','25'),
 (396,'K-26',622,'1','K','26'),
 (397,'K-27',623,'1','K','27'),
 (398,'K-28',624,'1','K','28');
/*!40000 ALTER TABLE `lotes` ENABLE KEYS */;


--
-- Definition of table `pagocuotalote`
--

DROP TABLE IF EXISTS `pagocuotalote`;
CREATE TABLE `pagocuotalote` (
  `codigopagocuotalote` int(10) unsigned NOT NULL AUTO_INCREMENT,
  `codigocuota` int(10) unsigned NOT NULL,
  `codigodeposito` int(10) unsigned NOT NULL,
  `valorpagocuotalote` decimal(10,2) NOT NULL,
  `estado` varchar(1) NOT NULL,
  `fecharegistro` timestamp NOT NULL DEFAULT CURRENT_TIMESTAMP ON UPDATE CURRENT_TIMESTAMP,
  `codigolote` int(10) unsigned NOT NULL,
  PRIMARY KEY (`codigopagocuotalote`) USING BTREE
) ENGINE=InnoDB AUTO_INCREMENT=31 DEFAULT CHARSET=latin1;

--
-- Dumping data for table `pagocuotalote`
--

/*!40000 ALTER TABLE `pagocuotalote` DISABLE KEYS */;
INSERT INTO `pagocuotalote` (`codigopagocuotalote`,`codigocuota`,`codigodeposito`,`valorpagocuotalote`,`estado`,`fecharegistro`,`codigolote`) VALUES 
 (29,8,38,'2.00','1','2020-01-10 00:00:00',157),
 (30,8,38,'5.50','1','2020-01-10 00:00:00',157);
/*!40000 ALTER TABLE `pagocuotalote` ENABLE KEYS */;


--
-- Definition of table `personas`
--

DROP TABLE IF EXISTS `personas`;
CREATE TABLE `personas` (
  `codigopersona` int(10) unsigned NOT NULL AUTO_INCREMENT,
  `primernombre` varchar(45) NOT NULL,
  `segundonombre` varchar(45) DEFAULT NULL,
  `primerapellido` varchar(45) NOT NULL,
  `segundoapellido` varchar(45) DEFAULT NULL,
  `cedula` varchar(45) NOT NULL,
  `estado` varchar(1) NOT NULL,
  PRIMARY KEY (`codigopersona`) USING BTREE,
  UNIQUE KEY `personas_unique_cedula` (`cedula`)
) ENGINE=InnoDB AUTO_INCREMENT=625 DEFAULT CHARSET=latin1;

--
-- Dumping data for table `personas`
--

/*!40000 ALTER TABLE `personas` DISABLE KEYS */;
INSERT INTO `personas` (`codigopersona`,`primernombre`,`segundonombre`,`primerapellido`,`segundoapellido`,`cedula`,`estado`) VALUES 
 (162,'MANUEL GONZALO',NULL,'CHECA ONTANEDA',NULL,'1000309284','1'),
 (163,'ALEX RAÚL',NULL,'CAIZA MORILLO',NULL,'1002556437','1'),
 (164,'CARMEN AMELIA',NULL,'TITO GALEANO',NULL,'1003045422','1'),
 (165,'ANA LEONOR',NULL,'FLORES CADENA',NULL,'1001743770','1'),
 (166,'SEGUNDO GERMÁN',NULL,'MALLAMAS MAINAGUEZA',NULL,'0400527180','1'),
 (167,'VERÓNICA BELÉN',NULL,'QUINTANA CIFUENTES',NULL,'1002853198','1'),
 (168,'WILDER ORLANDO',NULL,'CUASAPAZ CUASAPAZ',NULL,'1002801726','1'),
 (169,'ESTEFANIA GUADALUPE',NULL,'PINEDA MORENO',NULL,'1003556436','1'),
 (170,'JESSICA GUADALUPE',NULL,'ANGAMARCA MORENO',NULL,'1003220116','1'),
 (171,'ELSA MARÍA DEL ROCÍO',NULL,'CHAFUEL POZO',NULL,'0400705760','1'),
 (172,'MARTHA MAGDALENA',NULL,'ESTRADA CHINGUAL',NULL,'0400425096','1'),
 (173,'YESENIA GABRIELA',NULL,'SALAZAR MONTALUISA',NULL,'1003562038','1'),
 (174,'CARLOS APOLONIO',NULL,'ITAS CUMBA',NULL,'0400694055','1'),
 (175,'CARLOS HERMINSUL',NULL,'MORILLO LEITÓN',NULL,'0400481891','1'),
 (176,'NEY FERNANDO',NULL,'MORA GRIJALVA',NULL,'0400804225','1'),
 (177,'GUILLERMO GERMÁN',NULL,'BENAVIDES MACHADO',NULL,'1001577905','1'),
 (178,'BERTHA EULALIA',NULL,'MARTÍNEZ RAMÍREZ',NULL,'1000374221','1'),
 (179,'ANDRES EDUARDO',NULL,'JARAMILLO MARTÍNEZ',NULL,'1002521175','1'),
 (180,'MARÍA MERCEDES',NULL,'HERRERA',NULL,'1000459964','1'),
 (181,'LUIZA EULALIA',NULL,'CABRERA VILLARROEL',NULL,'0602750861','1'),
 (182,'JORGE ENRIQUE',NULL,'HERNÁNDEZ HERNÁNDEZ',NULL,'1002212171','1'),
 (183,'CONSUELO DEL PILAR',NULL,'CERVANTES GORDILLO',NULL,'1715039770','1'),
 (184,'FANNY YOLANDA',NULL,'ARROYO BENALCAZAR',NULL,'1711603686','1'),
 (185,'OMAR HERNÁN',NULL,'CASTRO RODRÍGUEZ',NULL,'0401514567','1'),
 (186,'HIPOLITO ORLANDO',NULL,'ROSERO GUEVARA',NULL,'0400766713','1'),
 (187,'NARCISA SUSANA',NULL,'CIFUENTES FONTE',NULL,'1001459088','1'),
 (188,'CJCR',NULL,'CJCR',NULL,'0000000000','1'),
 (189,'ALBA TERESA',NULL,'GUANCHA GUANCHA',NULL,'0401001771','1'),
 (190,'AGUEDA MARITZA',NULL,'ROSERO LOMAS',NULL,'0401016225','1'),
 (191,'CRISTIAN MAURICIO',NULL,'CUASPUD HERNÁNDEZ',NULL,'0401609219','1'),
 (192,'MARÍA ESTHER',NULL,'ICHAU ICHAU',NULL,'1002892410','1'),
 (193,'MARCO VINICIO',NULL,'ESTACIO PORTILLA',NULL,'1002260881','1'),
 (194,'FERNANDO ERNESTO',NULL,'GUAMÁN PIZANAN',NULL,'0400985420','1'),
 (195,'IVÁN MARCELO',NULL,'ARGUELLO REVELO',NULL,'1001190725','1'),
 (196,'AURA ESPERANZA',NULL,'GUAMÁN PIZANAN',NULL,'0400933321','1'),
 (197,'MERY ANGELA',NULL,'BOLAÑOS SANDOVAL',NULL,'1002053542','1'),
 (198,'ANTHONY NICOLÁS',NULL,'SINGAUCHO ARROYO',NULL,'1004471072','1'),
 (199,'MERRY DEL ROSARIO',NULL,'HERNÁNDEZ GUADALUPE',NULL,'1002490934','1'),
 (200,'SOFIA PAMELA',NULL,'MORENO ACOSTA',NULL,'1003430434','1'),
 (201,'MARÍA MERCEDES',NULL,'ACOSTA PALOMEQUE',NULL,'1001070778','1'),
 (202,'NILO NOLBERTO',NULL,'VILLOTA RUANO',NULL,'0400797775','1'),
 (203,'LUIS WILLAN',NULL,'ANTAMBA FARINANGO',NULL,'1002836052','1'),
 (204,'MÓNICA DE LOURDES',NULL,'SOTO LÓPEZ',NULL,'1708767957','1'),
 (205,'DIEGO ORLANDO',NULL,'ERAZO CHAFUEL',NULL,'1721879490','1'),
 (206,'ZOILA MARÍA',NULL,'CADENA ÁLVAREZ',NULL,'0400087417','1'),
 (207,'ANA KAREN',NULL,'SÁNCHEZ CHAFUEL',NULL,'1003108170','1'),
 (208,'GRACE JUDITH',NULL,'RAMÍREZ ROMO',NULL,'0400617486','1'),
 (209,'VERÓNICA MATILDE',NULL,'MORAN MORA',NULL,'1003179973','1'),
 (210,'WILLIAM STIWAR',NULL,'CABRERA CEVALLOS',NULL,'1004384606','1'),
 (211,'IVÁN OLEGARIO',NULL,'ESCOBAR',NULL,'1001608528','1'),
 (212,'LUIS OSWALDO',NULL,'MONTENEGRO ROSERO',NULL,'0400511283','1'),
 (213,'MANUEL ANÍBAL',NULL,'PORTILLA ROSERO',NULL,'0400736997','1'),
 (214,'BERTHA PATRICIA',NULL,'ENCALADA GRIJALVA',NULL,'0400784450','1'),
 (215,'ZOILA VIRGINIA',NULL,'ENCALADA GRIJALVA',NULL,'0400910428','1'),
 (216,'MARÍA TERESA',NULL,'ENCALADA GRIJALVA',NULL,'0400748257','1'),
 (217,'SILVIANA',NULL,'TINAJERO MARTÍNEZ',NULL,'1715364574','1'),
 (218,'OLGA SILVIANA',NULL,'MARTÍNEZ VALENCIA',NULL,'1705037214','1'),
 (219,'BEATRÍZ AURORA',NULL,'ARTEAGA QUISTANCHALA',NULL,'1003469101','1'),
 (221,'DIANA GABRIELA',NULL,'TAMBA TORRES',NULL,'1003201553','1'),
 (222,'ANA LUCÍA',NULL,'MAFLA CEVALLOS',NULL,'1001521473','1'),
 (223,'MARIANA CRISTINA',NULL,'MONTENEGRO GUZMÁN',NULL,'1003001375','1'),
 (224,'MARÍA ZARA',NULL,'CHURUCHUMBI CATUCUAMBA',NULL,'1002295531','1'),
 (225,'YOMAIRA CARINA',NULL,'GONZÁLEZ COLIMBA',NULL,'1002835567','1'),
 (226,'GUSTAVO SAID',NULL,'CERVANTES VILLALBA',NULL,'1001708773','1'),
 (227,'MARÍA MAGDALENA',NULL,'GUAMÁN PIZANAN',NULL,'0400811873','1'),
 (228,'JENNY ALEXANDRA',NULL,'GONZÁLEZ COLIMBA',NULL,'1002608568','1'),
 (229,'IMELDA PATRICIA',NULL,'VILLARRUEL CABASCANGO',NULL,'1003377056','1'),
 (230,'HUGO TARQUINO',NULL,'YÉPEZ JARAMILLO',NULL,'1000706141','1'),
 (231,'AIDA MARÍA',NULL,'VOZMEDIANO CARLOSAMA',NULL,'0400860409','1'),
 (233,'MARCIA GENOVEVA',NULL,'PAILLACHO YAR',NULL,'0401060447','1'),
 (234,'FRANKLIN JAVIER',NULL,'TORRES NUÑEZ',NULL,'1002178661','1'),
 (237,'NESLON NORMAN',NULL,'SOTO CORREA',NULL,'0600093520','1'),
 (240,'CARMEN MARÍA ELOISA',NULL,'LEÓN RECALDE',NULL,'1001009123','1'),
 (241,'NELLY MARÍA',NULL,'MONTENEGRO ROSERO',NULL,'0401099437','1'),
 (242,'ALEX NICOLAS',NULL,'BENAVIDES HERNÁNDEZ',NULL,'1050212743','1'),
 (243,'MARIANA CONCEPCIÓN',NULL,'ARTEAGA',NULL,'0400432449','1'),
 (244,'MARÍA FERNANDA',NULL,'MORENO ACOSTA',NULL,'1003430475','1'),
 (245,'MARÍA FÁTIMA',NULL,'ESPINOZA CONGO',NULL,'1002921797','1'),
 (246,'JORGE NEPTALÍ',NULL,'CUASPUD CHICAS',NULL,'0400335337','1'),
 (247,'FERNANDO VINICIO',NULL,'VALENCIA MORA',NULL,'0400592333','1'),
 (248,'EFRAÍN MESÍAS',NULL,'GUZMÁN DE LA BASTIDA',NULL,'0400089967','1'),
 (249,'MARÍA LUCILA',NULL,'MALLAMAS CASTRO',NULL,'0401668157','1'),
 (250,'MÓNICA ALEXANDRA',NULL,'FARINANGO HERRERA',NULL,'1001825254','1'),
 (251,'JOSÉ EUSTORGIO',NULL,'CASTRO NARVÁEZ',NULL,'1700526633','1'),
 (252,'FANNY LUCÍA',NULL,'MONTENEGRO ROSERO',NULL,'0401007794','1'),
 (253,'EDWIN RICARDO',NULL,'NARVÁEZ ORTEGA',NULL,'0401034202','1'),
 (254,'ADELA FERNANDA',NULL,'ALVEAR ZUÑIGA',NULL,'1003307905','1'),
 (255,'LUIS FERNANDO',NULL,'CARLOSAMA',NULL,'1001498615','1'),
 (256,'LUIS ALFONSO',NULL,'COLIMBA GAVILIMA',NULL,'1000002889','1'),
 (257,'LIDIA ESMERALDA',NULL,'FUERTES BENALCAZAR',NULL,'0400435657','1'),
 (258,'JORGE EDUARDO',NULL,'POZO CADENA',NULL,'1001477809','1'),
 (259,'JORGE VICENTE',NULL,'MAFLA CEVALLOS',NULL,'1000976439','1'),
 (358,'ZOILA MARGARITA',NULL,'SALAZAR AUZ',NULL,'1002442398','1'),
 (359,'ÁNGELA CRISTINA',NULL,'AYALA MARTÍNEZ',NULL,'1715364582','1'),
 (360,'YOLANDA DEL CARMEN',NULL,'JÁTIVA LUNA',NULL,'1000766178','1'),
 (361,'EMMA LUCILA',NULL,'YASELGA DE LA CRUZ',NULL,'1001335635','1'),
 (362,'EULALIA JIOVANNA',NULL,'ROSERO BOLAÑOS',NULL,'0400926630','1'),
 (467,'CARMEN',NULL,'GUERRERO SALAZAR',NULL,'1001823044','1'),
 (468,'DANIEL IMBAQUINGO',NULL,'AGUIRRE',NULL,'1001551421','1'),
 (469,'GLORIA EMPERATRÍZ',NULL,'FLORES PABÓN',NULL,'1001858669','1'),
 (470,'JORGE ALEXANDER',NULL,'FUERTES AGUIRRE',NULL,'1726334673','1'),
 (578,'ANITA DEL CARMEN',NULL,'MONTENEGRO ROSERO',NULL,'0400906277','1'),
 (579,'JULIO CESAR',NULL,'CACHIMUEL ANRANGO',NULL,'1002819413','1'),
 (580,'JANETH ARACELI',NULL,'ANDRADE COLLAHUAZO',NULL,'1001762366','1'),
 (581,'MARÍA MARGARITA',NULL,'ANRANGO MANRIQUE',NULL,'1001237914','1'),
 (582,'JOSÉ LUIS',NULL,'VALDIVIEZO DÍAS',NULL,'1002964573','1'),
 (583,'ESPERANZA',NULL,'ALVEAR ZOILA',NULL,'0000000002','1'),
 (584,'MARITZA',NULL,'GAON QUIROZ',NULL,'0000000003','1'),
 (585,'JOHANNA ELIZABETH',NULL,'MONTENEGRO GUZMÁN',NULL,'1003856984','1'),
 (586,'SEGUNDO ELÍAS',NULL,'FERNÁNDEZ PERACHIMBA',NULL,'1703387876','1'),
 (587,'ANA MARÍA',NULL,'ALMEIDA ASCUNTAR',NULL,'1003579776','1'),
 (588,'MARÍA FLOR ALBA',NULL,'CALPA NARVÁEZ',NULL,'1705773073','1'),
 (589,'SEGUNDO ISMAEL',NULL,'BENALCAZAR BARAHONA',NULL,'1701974915','1'),
 (590,'MATILDE NOHEMÍ',NULL,'DÁVILA OTERO',NULL,'1001770989','1'),
 (591,'REMIGIO JOSÉ',NULL,'ROSERO QUIROZ',NULL,'0401006408','1'),
 (592,'BYRON RUBÉN',NULL,'LÓPEZ AYALA',NULL,'0401331905','1'),
 (593,'RICARDO ANDRÉS',NULL,'PÉREZ MORENO',NULL,'1004368492','1'),
 (594,'DELIA MARÍA VICTORIA',NULL,'CHUSQUILLO',NULL,'1000522381','1'),
 (595,'GUADALUPE DEL CARMEN',NULL,'COLIMBA CHUSQUILLO',NULL,'1002058723','1'),
 (596,'ROSA PAOLA',NULL,'QUINTAS MUESES',NULL,'1003307517','1'),
 (597,'EDWIN RENÉ',NULL,'MONTENEGRO ROSERO',NULL,'0400664496','1'),
 (598,'WILMER JOSÉ',NULL,'MONTENEGRO TAPIA',NULL,'1003975271','1'),
 (599,'FRANCIS SEBASTIAN',NULL,'BENAVIDES HERNÁNDEZ',NULL,'1003106414','1'),
 (600,'WILLIAN FERNANDO',NULL,'MORILLO CUMBA',NULL,'0401455308','1'),
 (601,'RAMIRO HERNÁN',NULL,'SOTO LÓPEZ',NULL,'1709890816','1'),
 (602,'ROSA',NULL,'GONZALEZ COLIMBA',NULL,'0000000001','1'),
 (603,'LILIANA DEL SOCORRO',NULL,'PARRA RUIZ',NULL,'1723495022','1'),
 (604,'DIEGO FRANCISCO',NULL,'BURBANO REGALADO',NULL,'0400693081','1'),
 (605,'ROSA PAULINA',NULL,'VILLARREAL GORDÓN',NULL,'0401219746','1'),
 (606,'ELIZABETH MAGDALENA',NULL,'NARVÁEZ ORTEGA',NULL,'0401445531','1'),
 (607,'VERÓNICA ROCÍO',NULL,'NARVÁEZ ORTEGA',NULL,'0401445523','1'),
 (608,'JUDITH ANITA',NULL,'ANDRADE COLLAHUAZO',NULL,'1001861770','1'),
 (609,'MAYRA ALEXANDRA',NULL,'MORILLO CUMBA',NULL,'0401585633','1'),
 (610,'DARWIN ARTURO',NULL,'MONTENEGRO ROSERO',NULL,'0400597712','1'),
 (611,'MIRIAM TATIANA',NULL,'MONTENEGRO GUZMAN',NULL,'1003000484','1'),
 (612,'JONATAN ANDRES',NULL,'ANDRADE COLLAGUAZO',NULL,'1002585253','1'),
 (613,'LUCÍA GRACIELA',NULL,'VILLARRUEL CHIZA',NULL,'0401496971','1'),
 (614,'MAGDALENA ESPERANZA',NULL,'CANGAS',NULL,'1710641711','1'),
 (616,'JORGE RIGOBERTO',NULL,'MENESES AUPAS',NULL,'0400756839','1'),
 (618,'MELVA ROSARIO',NULL,'GUAMÁN PIZANAN',NULL,'0400649018','1'),
 (619,'OLIMPIA ESMERALDA',NULL,'CHAFUEL POZO',NULL,'0400506838','1'),
 (620,'ORNAN LEVI',NULL,'CRUZ HERRERA',NULL,'1001794641','1'),
 (621,'RIGOBERTO RICARDO',NULL,'ROSERO VOZMEDIANO',NULL,'1002411161','1'),
 (622,'SILVIA ALEXANDRA',NULL,'FLORES CADENA',NULL,'1001698297','1'),
 (623,'ÁNGEL JOSÉ',NULL,'CALERO GARCÍA',NULL,'1716235765','1'),
 (624,'NELLY MARGOTH',NULL,'LUCERO GUALAVISI',NULL,'1002268553','1');
/*!40000 ALTER TABLE `personas` ENABLE KEYS */;


--
-- Definition of table `policies`
--

DROP TABLE IF EXISTS `policies`;
CREATE TABLE `policies` (
  `id` int(11) NOT NULL AUTO_INCREMENT,
  `number` varchar(20) DEFAULT NULL,
  `amount` float DEFAULT NULL,
  PRIMARY KEY (`id`)
) ENGINE=InnoDB AUTO_INCREMENT=10 DEFAULT CHARSET=latin1;

--
-- Dumping data for table `policies`
--

/*!40000 ALTER TABLE `policies` DISABLE KEYS */;
INSERT INTO `policies` (`id`,`number`,`amount`) VALUES 
 (1,'100-100',10.05),
 (2,'101-101',1.55),
 (3,'102-102',3),
 (4,'1',1),
 (5,'1',1),
 (6,'2',2),
 (7,'3',3),
 (8,'3',3),
 (9,'4',4);
/*!40000 ALTER TABLE `policies` ENABLE KEYS */;




/*!40101 SET SQL_MODE=@OLD_SQL_MODE */;
/*!40014 SET FOREIGN_KEY_CHECKS=@OLD_FOREIGN_KEY_CHECKS */;
/*!40014 SET UNIQUE_CHECKS=@OLD_UNIQUE_CHECKS */;
/*!40101 SET CHARACTER_SET_CLIENT=@OLD_CHARACTER_SET_CLIENT */;
/*!40101 SET CHARACTER_SET_RESULTS=@OLD_CHARACTER_SET_RESULTS */;
/*!40101 SET COLLATION_CONNECTION=@OLD_COLLATION_CONNECTION */;
/*!40101 SET CHARACTER_SET_CLIENT=@OLD_CHARACTER_SET_CLIENT */;
