-- MySQL Administrator dump 1.4
--
-- ------------------------------------------------------
-- Server version	5.5.32


/*!40101 SET @OLD_CHARACTER_SET_CLIENT=@@CHARACTER_SET_CLIENT */;
/*!40101 SET @OLD_CHARACTER_SET_RESULTS=@@CHARACTER_SET_RESULTS */;
/*!40101 SET @OLD_COLLATION_CONNECTION=@@COLLATION_CONNECTION */;
/*!40101 SET NAMES utf8 */;

/*!40014 SET @OLD_UNIQUE_CHECKS=@@UNIQUE_CHECKS, UNIQUE_CHECKS=0 */;
/*!40014 SET @OLD_FOREIGN_KEY_CHECKS=@@FOREIGN_KEY_CHECKS, FOREIGN_KEY_CHECKS=0 */;
/*!40101 SET @OLD_SQL_MODE=@@SQL_MODE, SQL_MODE='NO_AUTO_VALUE_ON_ZERO' */;


--
-- Create schema coop
--

CREATE DATABASE IF NOT EXISTS coop;
USE coop;

--
-- Definition of table `asistencias`
--

DROP TABLE IF EXISTS `asistencias`;
CREATE TABLE `asistencias` (
  `codigoasistencia` int(10) unsigned NOT NULL AUTO_INCREMENT,
  `codigopersona` int(10) unsigned NOT NULL,
  `codigolote` int(10) unsigned NOT NULL,
  `valorasistencia` varchar(1) NOT NULL,
  `codigoreunion` int(10) unsigned NOT NULL,
  PRIMARY KEY (`codigoasistencia`),
  UNIQUE KEY `unique_codigoreunion_codigolote` (`codigolote`,`codigoreunion`) USING BTREE
) ENGINE=InnoDB AUTO_INCREMENT=1084 DEFAULT CHARSET=latin1;

--
-- Dumping data for table `asistencias`
--

/*!40000 ALTER TABLE `asistencias` DISABLE KEYS */;
INSERT INTO `asistencias` (`codigoasistencia`,`codigopersona`,`codigolote`,`valorasistencia`,`codigoreunion`) VALUES 
 (98,244,238,'A',1),
 (99,200,194,'A',1),
 (100,201,195,'A',1),
 (101,583,357,'P',1),
 (102,580,354,'P',1),
 (103,612,386,'P',1),
 (104,608,382,'P',1),
 (105,170,164,'P',1),
 (106,203,197,'P',1),
 (107,195,189,'P',1),
 (108,243,237,'P',1),
 (109,219,213,'P',1),
 (110,219,214,'P',1),
 (111,587,361,'P',1),
 (112,589,363,'P',1),
 (113,184,178,'P',1),
 (114,199,193,'P',1),
 (115,199,389,'P',1),
 (116,242,236,'P',1),
 (117,177,171,'P',1),
 (118,197,191,'P',1),
 (119,603,377,'A',1),
 (120,605,379,'A',1),
 (121,604,378,'A',1),
 (122,210,204,'A',1),
 (123,579,353,'A',1),
 (124,206,200,'A',1),
 (125,623,397,'P',1),
 (126,588,362,'P',1),
 (127,593,367,'P',1),
 (128,251,245,'A',1),
 (129,185,179,'P',1),
 (130,183,177,'P',1),
 (131,226,220,'P',1),
 (132,171,165,'P',1),
 (133,205,199,'P',1),
 (134,619,393,'P',1),
 (135,162,156,'A',1),
 (136,224,218,'P',1),
 (137,594,368,'P',1),
 (138,595,369,'A',1),
 (180,620,394,'P',1),
 (181,168,162,'P',1),
 (182,169,163,'P',1),
 (183,246,240,'P',1),
 (184,191,185,'P',1),
 (185,590,364,'P',1),
 (186,214,208,'A',1),
 (187,215,209,'P',1),
 (188,216,210,'P',1),
 (189,211,205,'P',1),
 (190,245,239,'A',1),
 (191,193,187,'A',1),
 (192,172,166,'P',1),
 (193,250,244,'P',1),
 (194,586,360,'A',1),
 (195,165,159,'A',1),
 (196,622,396,'A',1),
 (197,257,251,'P',1),
 (198,584,358,'A',1),
 (199,228,222,'P',1),
 (200,228,223,'P',1),
 (201,225,219,'P',1),
 (202,602,376,'A',1),
 (203,163,157,'P',1),
 (204,196,190,'P',1),
 (205,194,188,'P',1),
 (206,227,221,'P',1),
 (207,618,392,'P',1),
 (208,248,242,'P',1),
 (209,182,176,'P',1),
 (210,180,174,'P',1),
 (211,192,186,'P',1),
 (212,174,168,'P',1),
 (213,189,183,'A',1),
 (214,240,234,'A',1),
 (215,592,366,'P',1),
 (216,601,375,'A',1),
 (217,624,398,'P',1),
 (218,222,216,'P',1),
 (219,259,253,'P',1),
 (220,166,160,'A',1),
 (221,249,243,'A',1),
 (222,581,355,'A',1),
 (223,178,172,'P',1),
 (224,179,173,'P',1),
 (225,187,181,'P',1),
 (226,167,161,'P',1),
 (227,217,211,'P',1),
 (228,218,212,'P',1),
 (229,616,390,'P',1),
 (230,173,167,'A',1),
 (231,223,217,'P',1),
 (232,611,385,'P',1),
 (233,578,352,'P',1),
 (234,610,384,'P',1),
 (235,585,359,'P',1),
 (236,597,371,'P',1),
 (237,598,372,'P',1),
 (238,252,246,'P',1),
 (239,241,235,'P',1),
 (240,212,206,'P',1),
 (241,209,203,'P',1),
 (242,176,170,'P',1),
 (243,600,374,'P',1),
 (244,609,383,'P',1),
 (245,175,169,'P',1),
 (246,614,388,'A',1),
 (247,253,247,'P',1),
 (248,606,380,'A',1),
 (249,607,381,'A',1),
 (250,181,175,'P',1),
 (251,233,227,'P',1),
 (252,213,207,'P',1),
 (253,198,192,'P',1),
 (254,258,252,'P',1),
 (255,596,370,'P',1),
 (256,208,202,'P',1),
 (257,599,373,'P',1),
 (258,186,180,'P',1),
 (259,190,184,'P',1),
 (260,591,365,'P',1),
 (261,621,395,'J',1),
 (262,207,201,'P',1),
 (263,237,231,'J',1),
 (264,204,198,'A',1),
 (265,221,215,'P',1),
 (266,164,158,'A',1),
 (267,234,228,'P',1),
 (268,582,356,'A',1),
 (269,247,241,'P',1),
 (270,613,387,'P',1),
 (271,202,196,'A',1),
 (272,231,225,'A',1),
 (273,230,224,'P',1),
 (274,244,238,'A',2),
 (275,200,194,'A',2),
 (276,201,195,'A',2),
 (277,583,357,'P',2),
 (278,580,354,'P',2),
 (279,612,386,'P',2),
 (280,608,382,'P',2),
 (281,170,164,'P',2),
 (282,203,197,'A',2),
 (283,195,189,'J',2),
 (284,243,237,'P',2),
 (285,219,213,'P',2),
 (286,219,214,'P',2),
 (287,587,361,'P',2),
 (288,589,363,'A',2),
 (289,184,178,'P',2),
 (290,199,193,'',2),
 (291,199,389,'P',2),
 (292,242,236,'P',2),
 (293,177,171,'P',2),
 (294,197,191,'P',2),
 (295,603,377,'P',2),
 (296,605,379,'',2),
 (297,604,378,'P',2),
 (298,210,204,'A',2),
 (299,579,353,'A',2),
 (300,206,200,'P',2),
 (301,623,397,'P',2),
 (302,588,362,'P',2),
 (303,593,367,'P',2),
 (304,251,245,'P',2),
 (305,185,179,'P',2),
 (306,183,177,'P',2),
 (307,226,220,'A',2),
 (308,171,165,'P',2),
 (309,205,199,'P',2),
 (310,619,393,'P',2),
 (311,162,156,'P',2),
 (312,224,218,'P',2),
 (313,594,368,'P',2),
 (314,595,369,'P',2),
 (315,620,394,'P',2),
 (316,168,162,'P',2),
 (317,169,163,'',2),
 (318,246,240,'P',2),
 (319,191,185,'P',2),
 (320,590,364,'P',2),
 (321,214,208,'P',2),
 (322,215,209,'P',2),
 (323,216,210,'P',2),
 (324,211,205,'P',2),
 (325,245,239,'A',2),
 (326,193,187,'A',2),
 (327,172,166,'P',2),
 (328,250,244,'A',2),
 (329,586,360,'A',2),
 (330,165,159,'P',2),
 (331,622,396,'P',2),
 (332,257,251,'P',2),
 (333,584,358,'A',2),
 (334,228,222,'A',2),
 (335,228,223,'A',2),
 (336,225,219,'P',2),
 (337,602,376,'A',2),
 (338,163,157,'P',2),
 (339,196,190,'P',2),
 (340,194,188,'P',2),
 (341,227,221,'P',2),
 (342,618,392,'P',2),
 (343,248,242,'P',2),
 (344,182,176,'A',2),
 (345,180,174,'P',2),
 (346,192,186,'P',2),
 (347,174,168,'P',2),
 (348,189,183,'A',2),
 (349,240,234,'P',2),
 (350,592,366,'P',2),
 (351,601,375,'A',2),
 (352,624,398,'P',2),
 (353,222,216,'A',2),
 (354,259,253,'A',2),
 (355,166,160,'P',2),
 (356,249,243,'P',2),
 (357,581,355,'P',2),
 (358,178,172,'P',2),
 (359,179,173,'P',2),
 (360,187,181,'A',2),
 (361,167,161,'A',2),
 (362,217,211,'A',2),
 (363,218,212,'A',2),
 (364,616,390,'P',2),
 (365,173,167,'A',2),
 (366,223,217,'P',2),
 (367,611,385,'P',2),
 (368,578,352,'P',2),
 (369,610,384,'P',2),
 (370,585,359,'P',2),
 (371,597,371,'P',2),
 (372,598,372,'P',2),
 (373,252,246,'P',2),
 (374,241,235,'P',2),
 (375,212,206,'P',2),
 (376,209,203,'P',2),
 (377,176,170,'P',2),
 (378,600,374,'A',2),
 (379,609,383,'A',2),
 (380,175,169,'A',2),
 (381,614,388,'P',2),
 (382,253,247,'P',2),
 (383,606,380,'P',2),
 (384,607,381,'P',2),
 (385,181,175,'P',2),
 (386,233,227,'P',2),
 (387,213,207,'P',2),
 (388,198,192,'P',2),
 (389,258,252,'P',2),
 (390,596,370,'P',2),
 (391,208,202,'P',2),
 (392,599,373,'P',2),
 (393,186,180,'A',2),
 (394,190,184,'A',2),
 (395,591,365,'P',2),
 (396,621,395,'J',2),
 (397,207,201,'P',2),
 (398,237,231,'A',2),
 (399,204,198,'A',2),
 (400,221,215,'A',2),
 (401,164,158,'A',2),
 (402,234,228,'P',2),
 (403,582,356,'A',2),
 (404,247,241,'J',2),
 (405,613,387,'A',2),
 (406,202,196,'P',2),
 (407,231,225,'A',2),
 (408,230,224,'P',2),
 (409,244,238,'A',8),
 (410,200,194,'A',8),
 (411,201,195,'A',8),
 (412,583,357,'A',8),
 (413,580,354,'P',8),
 (414,612,386,'P',8),
 (415,608,382,'P',8),
 (416,170,164,'P',8),
 (417,203,197,'P',8),
 (418,195,189,'J',8),
 (419,243,237,'P',8),
 (420,219,213,'P',8),
 (421,219,214,'P',8),
 (422,587,361,'P',8),
 (423,589,363,'A',8),
 (424,184,178,'P',8),
 (425,199,193,'P',8),
 (426,199,389,'P',8),
 (427,242,236,'P',8),
 (428,177,171,'P',8),
 (429,197,191,'P',8),
 (430,603,377,'A',8),
 (431,605,379,'A',8),
 (432,604,378,'A',8),
 (433,210,204,'A',8),
 (434,579,353,'A',8),
 (435,206,200,'A',8),
 (436,623,397,'J',8),
 (437,588,362,'P',8),
 (438,593,367,'P',8),
 (439,251,245,'P',8),
 (440,185,179,'P',8),
 (441,183,177,'A',8),
 (442,226,220,'A',8),
 (443,171,165,'J',8),
 (444,205,199,'J',8),
 (445,619,393,'P',8),
 (446,162,156,'A',8),
 (447,224,218,'A',8),
 (448,594,368,'P',8),
 (449,595,369,'P',8),
 (450,620,394,'A',8),
 (451,168,162,'P',8),
 (452,169,163,'P',8),
 (453,246,240,'P',8),
 (454,191,185,'P',8),
 (455,590,364,'P',8),
 (456,214,208,'P',8),
 (457,215,209,'P',8),
 (458,216,210,'P',8),
 (459,211,205,'P',8),
 (460,245,239,'A',8),
 (461,193,187,'A',8),
 (462,172,166,'A',8),
 (463,250,244,'A',8),
 (464,586,360,'A',8),
 (465,165,159,'P',8),
 (466,622,396,'P',8),
 (467,257,251,'A',8),
 (468,584,358,'A',8),
 (469,228,222,'A',8),
 (470,228,223,'A',8),
 (471,225,219,'P',8),
 (472,602,376,'A',8),
 (473,163,157,'P',8),
 (474,196,190,'P',8),
 (475,194,188,'P',8),
 (476,227,221,'A',8),
 (477,618,392,'A',8),
 (478,248,242,'P',8),
 (479,182,176,'A',8),
 (480,180,174,'J',8),
 (481,192,186,'P',8),
 (482,174,168,'P',8),
 (483,189,183,'A',8),
 (484,240,234,'P',8),
 (485,592,366,'P',8),
 (486,601,375,'P',8),
 (487,624,398,'P',8),
 (488,222,216,'P',8),
 (489,259,253,'P',8),
 (490,166,160,'P',8),
 (491,249,243,'P',8),
 (492,581,355,'A',8),
 (493,178,172,'A',8),
 (494,179,173,'A',8),
 (495,187,181,'A',8),
 (496,167,161,'A',8),
 (497,217,211,'A',8),
 (498,218,212,'A',8),
 (499,616,390,'P',8),
 (500,173,167,'A',8),
 (501,223,217,'P',8),
 (502,611,385,'P',8),
 (503,578,352,'P',8),
 (504,610,384,'P',8),
 (505,585,359,'P',8),
 (506,597,371,'P',8),
 (507,598,372,'P',8),
 (508,252,246,'P',8),
 (509,241,235,'P',8),
 (510,212,206,'P',8),
 (511,209,203,'P',8),
 (512,176,170,'P',8),
 (513,600,374,'P',8),
 (514,609,383,'P',8),
 (515,175,169,'P',8),
 (516,614,388,'A',8),
 (517,253,247,'P',8),
 (518,606,380,'A',8),
 (519,607,381,'A',8),
 (520,181,175,'P',8),
 (521,233,227,'P',8),
 (522,213,207,'A',8),
 (523,198,192,'P',8),
 (524,258,252,'P',8),
 (525,596,370,'P',8),
 (526,208,202,'P',8),
 (527,599,373,'P',8),
 (528,186,180,'A',8),
 (529,190,184,'A',8),
 (530,591,365,'P',8),
 (531,621,395,'J',8),
 (532,207,201,'J',8),
 (533,237,231,'A',8),
 (534,204,198,'P',8),
 (535,221,215,'P',8),
 (536,164,158,'A',8),
 (537,234,228,'P',8),
 (538,582,356,'A',8),
 (539,247,241,'J',8),
 (540,613,387,'A',8),
 (541,202,196,'A',8),
 (542,231,225,'A',8),
 (543,230,224,'P',8),
 (544,244,238,'A',9),
 (545,200,194,'A',9),
 (546,201,195,'A',9),
 (547,583,357,'A',9),
 (548,580,354,'P',9),
 (549,612,386,'P',9),
 (550,608,382,'P',9),
 (551,170,164,'P',9),
 (552,203,197,'A',9),
 (553,195,189,'P',9),
 (554,243,237,'P',9),
 (555,219,213,'P',9),
 (556,219,214,'P',9),
 (557,587,361,'P',9),
 (558,589,363,'A',9),
 (559,184,178,'P',9),
 (560,199,193,'P',9),
 (561,199,389,'P',9),
 (562,242,236,'P',9),
 (563,177,171,'P',9),
 (564,197,191,'P',9),
 (565,603,377,'P',9),
 (566,605,379,'A',9),
 (567,604,378,'P',9),
 (568,210,204,'A',9),
 (569,579,353,'A',9),
 (570,206,200,'A',9),
 (571,623,397,'P',9),
 (572,588,362,'P',9),
 (573,593,367,'P',9),
 (574,251,245,'A',9),
 (575,185,179,'P',9),
 (576,183,177,'A',9),
 (577,226,220,'A',9),
 (578,171,165,'P',9),
 (579,205,199,'P',9),
 (580,619,393,'P',9),
 (581,162,156,'A',9),
 (582,224,218,'A',9),
 (583,594,368,'A',9),
 (584,595,369,'A',9),
 (585,620,394,'P',9),
 (586,168,162,'P',9),
 (587,169,163,'P',9),
 (588,246,240,'P',9),
 (589,191,185,'P',9),
 (590,590,364,'P',9),
 (591,214,208,'P',9),
 (592,215,209,'P',9),
 (593,216,210,'P',9),
 (594,211,205,'P',9),
 (595,245,239,'A',9),
 (596,193,187,'A',9),
 (597,172,166,'P',9),
 (598,250,244,'P',9),
 (599,586,360,'A',9),
 (600,165,159,'P',9),
 (601,622,396,'P',9),
 (602,257,251,'P',9),
 (603,584,358,'P',9),
 (604,228,222,'A',9),
 (605,228,223,'A',9),
 (606,225,219,'P',9),
 (607,602,376,'A',9),
 (608,163,157,'J',9),
 (609,196,190,'P',9),
 (610,194,188,'P',9),
 (611,227,221,'P',9),
 (612,618,392,'P',9),
 (613,248,242,'P',9),
 (614,182,176,'P',9),
 (615,180,174,'P',9),
 (616,192,186,'A',9),
 (617,174,168,'P',9),
 (618,189,183,'P',9),
 (619,240,234,'P',9),
 (620,592,366,'A',9),
 (621,601,375,'A',9),
 (622,624,398,'P',9),
 (623,222,216,'P',9),
 (624,259,253,'P',9),
 (625,166,160,'P',9),
 (626,249,243,'P',9),
 (627,581,355,'A',9),
 (628,178,172,'A',9),
 (629,179,173,'A',9),
 (630,187,181,'A',9),
 (631,167,161,'A',9),
 (632,217,211,'P',9),
 (633,218,212,'P',9),
 (634,616,390,'A',9),
 (635,173,167,'A',9),
 (636,223,217,'J',9),
 (637,611,385,'P',9),
 (638,578,352,'P',9),
 (639,610,384,'P',9),
 (640,585,359,'P',9),
 (641,597,371,'P',9),
 (642,598,372,'P',9),
 (643,252,246,'P',9),
 (644,241,235,'P',9),
 (645,212,206,'P',9),
 (646,209,203,'P',9),
 (647,176,170,'P',9),
 (648,600,374,'A',9),
 (649,609,383,'A',9),
 (650,175,169,'A',9),
 (651,614,388,'A',9),
 (652,253,247,'P',9),
 (653,606,380,'A',9),
 (654,607,381,'A',9),
 (655,181,175,'P',9),
 (656,233,227,'A',9),
 (657,213,207,'P',9),
 (658,198,192,'P',9),
 (659,258,252,'P',9),
 (660,596,370,'P',9),
 (661,208,202,'P',9),
 (662,599,373,'P',9),
 (663,186,180,'A',9),
 (664,190,184,'A',9),
 (665,591,365,'P',9),
 (666,621,395,'J',9),
 (667,207,201,'P',9),
 (668,237,231,'A',9),
 (669,204,198,'A',9),
 (670,221,215,'A',9),
 (671,164,158,'A',9),
 (672,234,228,'P',9),
 (673,582,356,'P',9),
 (674,247,241,'P',9),
 (675,613,387,'P',9),
 (676,202,196,'A',9),
 (677,231,225,'A',9),
 (678,230,224,'A',9),
 (679,244,238,'A',10),
 (680,200,194,'A',10),
 (681,201,195,'A',10),
 (682,583,357,'A',10),
 (683,580,354,'P',10),
 (684,612,386,'P',10),
 (685,608,382,'P',10),
 (686,170,164,'P',10),
 (687,203,197,'P',10),
 (688,195,189,'P',10),
 (689,243,237,'P',10),
 (690,219,213,'P',10),
 (691,219,214,'P',10),
 (692,587,361,'P',10),
 (693,589,363,'P',10),
 (694,184,178,'P',10),
 (695,199,193,'P',10),
 (696,199,389,'P',10),
 (697,242,236,'P',10),
 (698,177,171,'P',10),
 (699,197,191,'P',10),
 (700,603,377,'A',10),
 (701,605,379,'A',10),
 (702,604,378,'A',10),
 (703,210,204,'A',10),
 (704,579,353,'P',10),
 (705,206,200,'A',10),
 (706,623,397,'P',10),
 (707,588,362,'P',10),
 (708,593,367,'P',10),
 (709,251,245,'P',10),
 (710,185,179,'P',10),
 (711,183,177,'A',10),
 (712,226,220,'A',10),
 (713,171,165,'P',10),
 (714,205,199,'P',10),
 (715,619,393,'P',10),
 (716,162,156,'A',10),
 (717,224,218,'P',10),
 (718,594,368,'P',10),
 (719,595,369,'P',10),
 (720,620,394,'P',10),
 (721,168,162,'P',10),
 (722,169,163,'P',10),
 (723,246,240,'P',10),
 (724,191,185,'P',10),
 (725,590,364,'P',10),
 (726,214,208,'P',10),
 (727,215,209,'P',10),
 (728,216,210,'P',10),
 (729,211,205,'P',10),
 (730,245,239,'A',10),
 (731,193,187,'A',10),
 (732,172,166,'P',10),
 (733,250,244,'A',10),
 (734,586,360,'A',10),
 (735,165,159,'P',10),
 (736,622,396,'P',10),
 (737,257,251,'P',10),
 (738,584,358,'P',10),
 (739,228,222,'A',10),
 (740,228,223,'A',10),
 (741,225,219,'P',10),
 (742,602,376,'P',10),
 (743,163,157,'J',10),
 (744,196,190,'P',10),
 (745,194,188,'P',10),
 (746,227,221,'P',10),
 (747,618,392,'P',10),
 (748,248,242,'P',10),
 (749,182,176,'P',10),
 (750,180,174,'P',10),
 (751,192,186,'A',10),
 (752,174,168,'P',10),
 (753,189,183,'A',10),
 (754,240,234,'P',10),
 (755,592,366,'P',10),
 (756,601,375,'A',10),
 (757,624,398,'P',10),
 (758,222,216,'P',10),
 (759,259,253,'P',10),
 (760,166,160,'A',10),
 (761,249,243,'A',10),
 (762,581,355,'A',10),
 (763,178,172,'A',10),
 (764,179,173,'A',10),
 (765,187,181,'A',10),
 (766,167,161,'A',10),
 (767,217,211,'P',10),
 (768,218,212,'P',10),
 (769,616,390,'P',10),
 (770,173,167,'A',10),
 (771,223,217,'J',10),
 (772,611,385,'P',10),
 (773,578,352,'P',10),
 (774,610,384,'P',10),
 (775,585,359,'P',10),
 (776,597,371,'P',10),
 (777,598,372,'P',10),
 (778,252,246,'P',10),
 (779,241,235,'P',10),
 (780,212,206,'P',10),
 (781,209,203,'P',10),
 (782,176,170,'P',10),
 (783,600,374,'P',10),
 (784,609,383,'P',10),
 (785,175,169,'P',10),
 (786,614,388,'P',10),
 (787,253,247,'A',10),
 (788,606,380,'A',10),
 (789,607,381,'A',10),
 (790,181,175,'P',10),
 (791,233,227,'J',10),
 (792,213,207,'P',10),
 (793,198,192,'P',10),
 (794,258,252,'P',10),
 (795,596,370,'P',10),
 (796,208,202,'P',10),
 (797,599,373,'P',10),
 (798,186,180,'A',10),
 (799,190,184,'A',10),
 (800,591,365,'P',10),
 (801,621,395,'J',10),
 (802,207,201,'P',10),
 (803,237,231,'A',10),
 (804,204,198,'A',10),
 (805,221,215,'P',10),
 (806,164,158,'A',10),
 (807,234,228,'P',10),
 (808,582,356,'P',10),
 (809,247,241,'P',10),
 (810,613,387,'P',10),
 (811,202,196,'A',10),
 (812,231,225,'A',10),
 (813,230,224,'P',10),
 (814,244,238,'A',12),
 (815,200,194,'A',12),
 (816,201,195,'A',12),
 (817,583,357,'A',12),
 (818,580,354,'P',12),
 (819,612,386,'P',12),
 (820,608,382,'P',12),
 (821,170,164,'P',12),
 (822,203,197,'P',12),
 (823,195,189,'P',12),
 (824,243,237,'P',12),
 (825,219,213,'J',12),
 (826,219,214,'J',12),
 (827,587,361,'P',12),
 (828,589,363,'A',12),
 (829,184,178,'P',12),
 (830,199,193,'P',12),
 (831,199,389,'P',12),
 (832,242,236,'P',12),
 (833,177,171,'P',12),
 (834,197,191,'P',12),
 (835,603,377,'A',12),
 (836,605,379,'A',12),
 (837,604,378,'A',12),
 (838,210,204,'A',12),
 (839,579,353,'A',12),
 (840,206,200,'A',12),
 (841,623,397,'P',12),
 (842,588,362,'P',12),
 (843,593,367,'P',12),
 (844,251,245,'P',12),
 (845,185,179,'P',12),
 (846,183,177,'A',12),
 (847,226,220,'A',12),
 (848,171,165,'J',12),
 (849,205,199,'P',12),
 (850,619,393,'P',12),
 (851,162,156,'A',12),
 (852,224,218,'A',12),
 (853,594,368,'P',12),
 (854,595,369,'P',12),
 (855,620,394,'P',12),
 (856,168,162,'P',12),
 (857,169,163,'P',12),
 (858,246,240,'P',12),
 (859,191,185,'P',12),
 (860,590,364,'A',12),
 (861,214,208,'P',12),
 (862,215,209,'P',12),
 (863,216,210,'P',12),
 (864,211,205,'P',12),
 (865,245,239,'P',12),
 (866,193,187,'A',12),
 (867,172,166,'P',12),
 (868,250,244,'P',12),
 (869,586,360,'A',12),
 (870,165,159,'P',12),
 (871,622,396,'P',12),
 (872,257,251,'P',12),
 (873,584,358,'A',12),
 (874,228,222,'A',12),
 (875,228,223,'A',12),
 (876,225,219,'P',12),
 (877,602,376,'P',12),
 (878,163,157,'J',12),
 (879,196,190,'P',12),
 (880,194,188,'P',12),
 (881,227,221,'P',12),
 (882,618,392,'P',12),
 (883,248,242,'P',12),
 (884,182,176,'J',12),
 (885,180,174,'P',12),
 (886,192,186,'A',12),
 (887,174,168,'P',12),
 (888,189,183,'A',12),
 (889,240,234,'P',12),
 (890,592,366,'P',12),
 (891,601,375,'A',12),
 (892,624,398,'P',12),
 (893,222,216,'P',12),
 (894,259,253,'P',12),
 (895,166,160,'P',12),
 (896,249,243,'P',12),
 (897,581,355,'P',12),
 (898,178,172,'A',12),
 (899,179,173,'A',12),
 (900,187,181,'A',12),
 (901,167,161,'A',12),
 (902,217,211,'P',12),
 (903,218,212,'P',12),
 (904,616,390,'P',12),
 (905,173,167,'A',12),
 (906,223,217,'J',12),
 (907,611,385,'P',12),
 (908,578,352,'P',12),
 (909,610,384,'P',12),
 (910,585,359,'P',12),
 (911,597,371,'P',12),
 (912,598,372,'P',12),
 (913,252,246,'P',12),
 (914,241,235,'P',12),
 (915,212,206,'P',12),
 (916,209,203,'P',12),
 (917,176,170,'P',12),
 (918,600,374,'P',12),
 (919,609,383,'P',12),
 (920,175,169,'P',12),
 (921,614,388,'P',12),
 (922,253,247,'P',12),
 (923,606,380,'A',12),
 (924,607,381,'A',12),
 (925,181,175,'P',12),
 (926,233,227,'P',12),
 (927,213,207,'P',12),
 (928,198,192,'P',12),
 (929,258,252,'A',12),
 (930,596,370,'P',12),
 (931,208,202,'P',12),
 (932,599,373,'P',12),
 (933,186,180,'P',12),
 (934,190,184,'P',12),
 (935,591,365,'P',12),
 (936,621,395,'J',12),
 (937,207,201,'P',12),
 (938,237,231,'A',12),
 (939,204,198,'A',12),
 (940,221,215,'P',12),
 (941,164,158,'A',12),
 (942,234,228,'P',12),
 (943,582,356,'P',12),
 (944,247,241,'P',12),
 (945,613,387,'P',12),
 (946,202,196,'A',12),
 (947,231,225,'A',12),
 (948,230,224,'P',12),
 (949,244,238,'A',13),
 (950,200,194,'A',13),
 (951,201,195,'A',13),
 (952,583,357,'A',13),
 (953,580,354,'P',13),
 (954,612,386,'P',13),
 (955,608,382,'P',13),
 (956,170,164,'P',13),
 (957,203,197,'A',13),
 (958,195,189,'P',13),
 (959,243,237,'P',13),
 (960,219,213,'J',13),
 (961,219,214,'J',13),
 (962,587,361,'P',13),
 (963,589,363,'A',13),
 (964,184,178,'P',13),
 (965,199,193,'P',13),
 (966,199,389,'P',13),
 (967,242,236,'P',13),
 (968,177,171,'P',13),
 (969,197,191,'P',13),
 (970,603,377,'A',13),
 (971,605,379,'A',13),
 (972,604,378,'A',13),
 (973,210,204,'A',13),
 (974,579,353,'A',13),
 (975,206,200,'A',13),
 (976,623,397,'P',13),
 (977,588,362,'P',13),
 (978,593,367,'P',13),
 (979,251,245,'A',13),
 (980,185,179,'P',13),
 (981,183,177,'P',13),
 (982,226,220,'A',13),
 (983,171,165,'P',13),
 (984,205,199,'P',13),
 (985,619,393,'P',13),
 (986,162,156,'J',13),
 (987,224,218,'P',13),
 (988,594,368,'P',13),
 (989,595,369,'P',13),
 (990,620,394,'P',13),
 (991,168,162,'P',13),
 (992,169,163,'P',13),
 (993,246,240,'P',13),
 (994,191,185,'P',13),
 (995,590,364,'P',13),
 (996,214,208,'P',13),
 (997,215,209,'P',13),
 (998,216,210,'P',13),
 (999,211,205,'P',13),
 (1000,245,239,'A',13),
 (1001,193,187,'A',13),
 (1002,172,166,'P',13),
 (1003,250,244,'P',13),
 (1004,586,360,'A',13),
 (1005,165,159,'P',13),
 (1006,622,396,'P',13),
 (1007,257,251,'A',13),
 (1008,584,358,'A',13),
 (1009,228,222,'A',13),
 (1010,228,223,'A',13),
 (1011,225,219,'A',13),
 (1012,602,376,'A',13),
 (1013,163,157,'P',13),
 (1014,196,190,'A',13),
 (1015,194,188,'A',13),
 (1016,227,221,'A',13),
 (1017,618,392,'A',13),
 (1018,248,242,'P',13),
 (1019,182,176,'J',13),
 (1020,180,174,'P',13),
 (1021,192,186,'P',13),
 (1022,174,168,'P',13),
 (1023,189,183,'P',13),
 (1024,240,234,'P',13),
 (1025,592,366,'P',13),
 (1026,601,375,'',13),
 (1027,624,398,'P',13),
 (1028,222,216,'P',13),
 (1029,259,253,'P',13),
 (1030,166,160,'P',13),
 (1031,249,243,'P',13),
 (1032,581,355,'P',13),
 (1033,178,172,'A',13),
 (1034,179,173,'A',13),
 (1035,187,181,'A',13),
 (1036,167,161,'A',13),
 (1037,217,211,'J',13),
 (1038,218,212,'J',13),
 (1039,616,390,'A',13),
 (1040,173,167,'',13),
 (1041,223,217,'P',13),
 (1042,611,385,'P',13),
 (1043,578,352,'P',13),
 (1044,610,384,'P',13),
 (1045,585,359,'J',13),
 (1046,597,371,'P',13),
 (1047,598,372,'P',13),
 (1048,252,246,'P',13),
 (1049,241,235,'P',13),
 (1050,212,206,'P',13),
 (1051,209,203,'P',13),
 (1052,176,170,'P',13),
 (1053,600,374,'P',13),
 (1054,609,383,'P',13),
 (1055,175,169,'P',13),
 (1056,614,388,'A',13),
 (1057,253,247,'P',13),
 (1058,606,380,'A',13),
 (1059,607,381,'A',13),
 (1060,181,175,'P',13),
 (1061,233,227,'J',13),
 (1062,213,207,'P',13),
 (1063,198,192,'P',13),
 (1064,258,252,'J',13),
 (1065,596,370,'P',13),
 (1066,208,202,'P',13),
 (1067,599,373,'P',13),
 (1068,186,180,'A',13),
 (1069,190,184,'A',13),
 (1070,591,365,'P',13),
 (1071,621,395,'J',13),
 (1072,207,201,'P',13),
 (1073,237,231,'J',13),
 (1074,204,198,'A',13),
 (1075,221,215,'P',13),
 (1076,164,158,'A',13),
 (1077,234,228,'P',13),
 (1078,582,356,'A',13),
 (1079,247,241,'P',13),
 (1080,613,387,'P',13),
 (1081,202,196,'A',13),
 (1082,231,225,'A',13),
 (1083,230,224,'A',13);
/*!40000 ALTER TABLE `asistencias` ENABLE KEYS */;


--
-- Definition of table `cuotas`
--

DROP TABLE IF EXISTS `cuotas`;
CREATE TABLE `cuotas` (
  `codigocuota` int(10) unsigned NOT NULL AUTO_INCREMENT,
  `descripcioncuota` varchar(50) DEFAULT NULL,
  `valorcuota` decimal(10,2) NOT NULL,
  `fechainicio` timestamp NOT NULL DEFAULT CURRENT_TIMESTAMP ON UPDATE CURRENT_TIMESTAMP,
  `fechafin` timestamp NOT NULL DEFAULT '0000-00-00 00:00:00',
  `estado` varchar(1) NOT NULL,
  `ordencuota` int(10) unsigned DEFAULT NULL,
  `tipocuota` varchar(3) DEFAULT NULL,
  PRIMARY KEY (`codigocuota`),
  UNIQUE KEY `cuotas_unique_descripcioncuota` (`descripcioncuota`)
) ENGINE=InnoDB AUTO_INCREMENT=71 DEFAULT CHARSET=latin1;

--
-- Dumping data for table `cuotas`
--

/*!40000 ALTER TABLE `cuotas` DISABLE KEYS */;
INSERT INTO `cuotas` (`codigocuota`,`descripcioncuota`,`valorcuota`,`fechainicio`,`fechafin`,`estado`,`ordencuota`,`tipocuota`) VALUES 
 (7,'ADMINISTRACION ENERO 2019','4.00','2020-01-21 23:30:53','2019-01-31 00:00:00','1',32,'CUO'),
 (8,'CUOTA ABOGADO HASTA MINUTA','120.00','2020-01-21 23:30:53','2017-08-27 00:00:00','1',1,'CUO'),
 (9,'CUOTA TOPOGRAFIA  HASTA ESCRITURA','50.00','2020-01-21 23:30:53','2018-02-28 00:00:00','1',2,'CUO'),
 (10,'CUOTA IMPUESTO 2018','5.00','2020-01-21 23:30:53','2018-02-28 00:00:00','1',3,'CUO'),
 (11,'CUOTA APOYO VISITA ALCALDE 2018','3.00','2020-01-21 23:30:53','2018-02-28 00:00:00','1',4,'CUO'),
 (12,'CUOTA ESCRITURA','265.00','2020-01-21 23:30:53','2019-02-24 00:00:00','1',5,'CUO'),
 (13,'CUOTA REGISTRO PROPIEDAD','7.00','2020-01-21 23:30:53','2019-06-30 00:00:00','1',6,'CUO'),
 (14,'CUOTA IMPUESTO PREDIAL 2019','5.00','2020-01-21 23:30:53','2019-04-02 00:00:00','1',7,'CUO'),
 (30,'ADMINISTRACION ENERO 2017','4.00','2020-01-21 23:30:53','2017-02-15 00:00:00','1',8,'CUO'),
 (31,'ADMINISTRACION FEBRERO 2017','4.00','2020-01-21 23:30:53','2017-03-15 00:00:00','1',9,'CUO'),
 (32,'ADMINISTRACION MARZO 2017','4.00','2020-01-21 23:30:53','2017-04-15 00:00:00','1',10,'CUO'),
 (33,'ADMINISTRACION ABRIL 2017','4.00','2020-01-21 23:30:53','2017-05-15 00:00:00','1',11,'CUO'),
 (34,'ADMINISTRACION MAYO 2017','4.00','2020-01-21 23:30:53','2017-06-15 00:00:00','1',12,'CUO'),
 (35,'ADMINISTRACION JUNIO 2017','4.00','2020-01-21 23:30:53','2017-07-15 00:00:00','1',13,'CUO'),
 (36,'ADMINISTRACION JULIO 2017','4.00','2020-01-21 23:30:53','2017-08-15 00:00:00','1',14,'CUO'),
 (37,'ADMINISTRACION AGOSTO2017','4.00','2020-01-21 23:30:53','2017-09-15 00:00:00','1',15,'CUO'),
 (38,'ADMINISTRACION SEPTIEMBRE 2017','4.00','2020-01-21 23:30:53','2017-10-15 00:00:00','1',16,'CUO'),
 (39,'ADMINISTRACION OCTUBRE 2017','4.00','2020-01-21 23:30:53','2017-11-15 00:00:00','1',17,'CUO'),
 (40,'ADMINISTRACION NOVIEMBRE 2017','4.00','2020-01-21 23:30:53','2017-12-15 00:00:00','1',18,'CUO'),
 (41,'ADMINISTRACION DICIEMBRE 2017','4.00','2020-01-21 23:30:53','2018-01-15 00:00:00','1',19,'CUO'),
 (42,'ADMINISTRACION ENERO 2018','4.00','2020-01-21 23:30:53','2018-02-15 00:00:00','1',20,'CUO'),
 (43,'ADMINISTRACION FEBRERO 2018','4.00','2020-01-21 23:30:53','2018-03-15 00:00:00','1',21,'CUO'),
 (44,'ADMINISTRACION MARZO 2018','4.00','2020-01-21 23:30:53','2018-04-15 00:00:00','1',22,'CUO'),
 (45,'ADMINISTRACION ABRIL 2018','4.00','2020-01-21 23:30:53','2018-05-15 00:00:00','1',23,'CUO'),
 (46,'ADMINISTRACION MAYO 2018','4.00','2020-01-21 23:30:53','2018-06-15 00:00:00','1',24,'CUO'),
 (47,'ADMINISTRACION JUNIO 2018','4.00','2020-01-21 23:30:53','2018-07-15 00:00:00','1',25,'CUO'),
 (48,'ADMINISTRACION JULIO 2018','4.00','2020-01-21 23:30:53','2018-08-15 00:00:00','1',26,'CUO'),
 (49,'ADMINISTRACION AGOSTO2018','4.00','2020-01-21 23:30:53','2018-09-15 00:00:00','1',27,'CUO'),
 (50,'ADMINISTRACION SEPTIEMBRE 2018','4.00','2020-01-21 23:30:53','2018-10-15 00:00:00','1',28,'CUO'),
 (51,'ADMINISTRACION OCTUBRE 2018','4.00','2020-01-21 23:30:53','2018-11-15 00:00:00','1',29,'CUO'),
 (52,'ADMINISTRACION NOVIEMBRE 2018','4.00','2020-01-21 23:30:53','2018-12-15 00:00:00','1',30,'CUO'),
 (53,'ADMINISTRACION DICIEMBRE 2018','4.00','2020-01-21 23:30:53','2019-01-15 00:00:00','1',31,'CUO'),
 (55,'ADMINISTRACION FEBRERO 2019','4.00','2020-01-21 23:30:53','2019-03-15 00:00:00','1',33,'CUO'),
 (56,'ADMINISTRACION MARZO 2019','4.00','2020-01-21 23:30:53','2019-04-15 00:00:00','1',34,'CUO'),
 (57,'ADMINISTRACION ABRIL 2019','4.00','2020-01-21 23:30:53','2019-05-15 00:00:00','1',35,'CUO'),
 (58,'ADMINISTRACION MAYO 2019','4.00','2020-01-21 23:30:53','2019-06-15 00:00:00','1',36,'CUO'),
 (59,'ADMINISTRACION JUNIO 2019','4.00','2020-01-21 23:30:53','2019-07-15 00:00:00','1',37,'CUO'),
 (60,'ADMINISTRACION JULIO 2019','4.00','2020-01-21 23:30:53','2019-08-15 00:00:00','1',38,'CUO'),
 (61,'ADMINISTRACION AGOSTO2019','4.00','2020-01-21 23:30:53','2019-09-15 00:00:00','1',39,'CUO'),
 (62,'ADMINISTRACION SEPTIEMBRE 2019','4.00','2020-01-21 23:30:53','2019-10-15 00:00:00','1',40,'CUO'),
 (63,'ADMINISTRACION OCTUBRE 2019','4.00','2020-01-21 23:30:53','2019-11-15 00:00:00','1',41,'CUO'),
 (64,'ADMINISTRACION NOVIEMBRE 2019','4.00','2020-01-21 23:30:53','2019-12-15 00:00:00','1',42,'CUO'),
 (65,'ADMINISTRACION DICIEMBRE 2019','4.00','2020-01-21 23:30:53','2020-01-15 00:00:00','1',43,'CUO'),
 (66,'ADMINISTRACION ENERO 2020','4.00','2020-01-21 23:30:53','2020-02-15 00:00:00','1',44,'CUO'),
 (67,'ADMINISTRACION FEBRERO 2020','4.00','2020-01-21 23:30:53','2020-03-15 00:00:00','1',45,'CUO'),
 (68,'ENERO 2019','10.00','2019-01-01 00:00:00','2019-01-01 00:00:00','1',1,'REU'),
 (69,'FEBRERO 2019','10.00','2019-02-01 00:00:00','2019-02-01 00:00:00','1',2,'REU'),
 (70,'MARZO 2019','10.00','2019-03-01 00:00:00','2019-03-01 00:00:00','1',3,'REU');
/*!40000 ALTER TABLE `cuotas` ENABLE KEYS */;


--
-- Definition of table `depositos`
--

DROP TABLE IF EXISTS `depositos`;
CREATE TABLE `depositos` (
  `codigodeposito` int(10) unsigned NOT NULL AUTO_INCREMENT,
  `numerodeposito` varchar(45) NOT NULL,
  `codigopersona` int(10) unsigned NOT NULL,
  `fechadeposito` timestamp NOT NULL DEFAULT CURRENT_TIMESTAMP ON UPDATE CURRENT_TIMESTAMP,
  `valordeposito` decimal(10,2) NOT NULL DEFAULT '0.00',
  `tipodeposito` varchar(45) DEFAULT NULL,
  `estado` varchar(1) NOT NULL,
  PRIMARY KEY (`codigodeposito`),
  UNIQUE KEY `depositos_unique_numerodeposito` (`numerodeposito`) USING BTREE
) ENGINE=InnoDB AUTO_INCREMENT=364 DEFAULT CHARSET=latin1;

--
-- Dumping data for table `depositos`
--

/*!40000 ALTER TABLE `depositos` DISABLE KEYS */;
INSERT INTO `depositos` (`codigodeposito`,`numerodeposito`,`codigopersona`,`fechadeposito`,`valordeposito`,`tipodeposito`,`estado`) VALUES 
 (40,'9070231666',177,'2019-01-07 00:00:00','40.00',NULL,'1'),
 (41,'9410052388',218,'2016-06-29 00:00:00','48.00',NULL,'1'),
 (42,'9410052389',189,'2016-06-29 00:00:00','5.00',NULL,'1'),
 (43,'9410052391',591,'2016-06-29 00:00:00','12.00',NULL,'1'),
 (44,'9410052390',195,'2016-06-29 00:00:00','20.00',NULL,'1'),
 (45,'9250118096',594,'2016-08-01 00:00:00','4.00',NULL,'1'),
 (46,'9250118105',202,'2016-08-01 00:00:00','12.00',NULL,'1'),
 (47,'9250118095',221,'2016-08-01 00:00:00','12.00',NULL,'1'),
 (48,'9250118104',251,'2016-08-01 00:00:00','34.00',NULL,'1'),
 (49,'9250115731',592,'2016-07-14 00:00:00','24.00',NULL,'1'),
 (50,'9250118103',592,'2016-08-01 00:00:00','14.00',NULL,'1'),
 (51,'9250118102',589,'2016-08-01 00:00:00','4.00',NULL,'1'),
 (52,'9250118101',593,'2016-08-01 00:00:00','20.00',NULL,'1'),
 (66,'9250118100',170,'2016-08-01 00:00:00','20.00',NULL,'1'),
 (81,'9070102799',168,'2016-07-07 00:00:00','20.00',NULL,'1'),
 (82,'9070103847',587,'2016-07-20 00:00:00','12.00',NULL,'1'),
 (83,'9250118099',218,'2016-08-01 00:00:00','16.00',NULL,'1'),
 (84,'9250118098',616,'2016-08-01 00:00:00','8.00',NULL,'1'),
 (85,'9250118097',610,'2016-08-01 00:00:00','28.00',NULL,'1'),
 (86,'9410055959',177,'2016-08-04 00:00:00','32.00',NULL,'1'),
 (87,'9070107643',195,'2016-08-29 00:00:00','12.00',NULL,'1'),
 (88,'9070107644',180,'2016-08-29 00:00:00','120.00',NULL,'1'),
 (89,'9070107646',608,'2016-08-29 00:00:00','14.00',NULL,'1'),
 (90,'9070107647',587,'2016-08-29 00:00:00','4.00',NULL,'1'),
 (91,'9070107648',616,'2016-08-29 00:00:00','4.00',NULL,'1'),
 (92,'9410059252',191,'2016-09-15 00:00:00','120.00',NULL,'1'),
 (93,'9410059253',191,'2016-09-15 00:00:00','20.00',NULL,'1'),
 (94,'9410059254',248,'2016-09-15 00:00:00','35.00',NULL,'1'),
 (95,'9410059255',610,'2016-09-15 00:00:00','60.00',NULL,'1'),
 (96,'9250118141',201,'2016-08-01 00:00:00','72.00',NULL,'1'),
 (98,'9410066960',201,'2016-12-05 00:00:00','360.00',NULL,'1'),
 (99,'9070119901',201,'2017-01-06 00:00:00','72.00',NULL,'1'),
 (129,'9070107637',178,'2016-08-29 00:00:00','64.00',NULL,'1'),
 (130,'9070107638',166,'2016-08-29 00:00:00','96.00',NULL,'1'),
 (131,'9070107639',257,'2016-08-29 00:00:00','20.00',NULL,'1'),
 (132,'9070107640',589,'2016-08-29 00:00:00','4.00',NULL,'1'),
 (133,'9070107641',224,'2016-08-29 00:00:00','20.00',NULL,'1'),
 (134,'9070107642',168,'2016-08-29 00:00:00','20.00',NULL,'1'),
 (135,'9070107645',246,'2016-08-29 00:00:00','4.00',NULL,'1'),
 (136,'9250121270',185,'2016-08-26 00:00:00','10.00',NULL,'1'),
 (137,'9250123058',177,'2016-09-08 00:00:00','12.00',NULL,'1'),
 (138,'9410059256',218,'2016-09-15 00:00:00','16.00',NULL,'1'),
 (139,'9410059257',580,'2016-09-15 00:00:00','120.00',NULL,'1'),
 (140,'9410059258',588,'2016-09-15 00:00:00','30.00',NULL,'1'),
 (141,'9410059248',582,'2016-09-15 00:00:00','30.00',NULL,'1'),
 (142,'9070110284',624,'2016-09-26 00:00:00','30.00',NULL,'1'),
 (143,'9070110285',578,'2016-09-26 00:00:00','30.00',NULL,'1'),
 (144,'9070110286',195,'2016-09-26 00:00:00','30.00',NULL,'1'),
 (145,'9070110287',165,'2016-09-26 00:00:00','20.00',NULL,'1'),
 (146,'9070110023',165,'2016-09-23 00:00:00','30.00',NULL,'1'),
 (147,'9070110288',246,'2016-09-26 00:00:00','30.00',NULL,'1'),
 (148,'9070110289',180,'2016-09-26 00:00:00','16.00',NULL,'1'),
 (149,'9070110290',591,'2016-09-26 00:00:00','8.00',NULL,'1'),
 (150,'9070110291',591,'2016-09-26 00:00:00','30.00',NULL,'1'),
 (151,'9070110292',174,'2016-09-26 00:00:00','40.00',NULL,'1'),
 (152,'9070110293',231,'2016-09-26 00:00:00','120.00',NULL,'1'),
 (153,'9070110294',202,'2016-09-26 00:00:00','30.00',NULL,'1'),
 (154,'9070110295',202,'2016-09-26 00:00:00','4.00',NULL,'1'),
 (155,'9070110296',247,'2016-09-26 00:00:00','30.00',NULL,'1'),
 (156,'9070110297',218,'2016-09-26 00:00:00','16.00',NULL,'1'),
 (157,'9070110298',623,'2016-09-26 00:00:00','10.00',NULL,'1'),
 (158,'9070110299',185,'2016-09-26 00:00:00','30.00',NULL,'1'),
 (159,'9250124759',608,'2016-09-23 00:00:00','30.00',NULL,'1'),
 (160,'9070110300',209,'2016-09-26 00:00:00','20.00',NULL,'1'),
 (161,'9070110301',221,'2016-09-26 00:00:00','20.00',NULL,'1'),
 (162,'9070110302',176,'2016-09-26 00:00:00','20.00',NULL,'1'),
 (163,'9070110303',190,'2016-09-26 00:00:00','60.00',NULL,'1'),
 (164,'9070110304',190,'2016-09-26 00:00:00','40.00',NULL,'1'),
 (165,'9070110305',166,'2016-09-26 00:00:00','60.00',NULL,'1'),
 (166,'9070110306',584,'2016-09-26 00:00:00','30.00',NULL,'1'),
 (167,'9070110307',224,'2016-09-26 00:00:00','60.00',NULL,'1'),
 (168,'9070110308',213,'2016-09-26 00:00:00','40.00',NULL,'1'),
 (169,'9070110309',213,'2016-09-26 00:00:00','24.00',NULL,'1'),
 (170,'9070110310',251,'2016-09-26 00:00:00','8.00',NULL,'1'),
 (171,'9070110311',602,'2016-09-26 00:00:00','30.00',NULL,'1'),
 (172,'9070110312',171,'2016-09-26 00:00:00','20.00',NULL,'1'),
 (173,'9070110313',175,'2016-09-26 00:00:00','60.00',NULL,'1'),
 (174,'9070110314',609,'2016-09-26 00:00:00','60.00',NULL,'1'),
 (175,'9070110315',600,'2016-09-26 00:00:00','60.00',NULL,'1'),
 (176,'9070110316',587,'2016-09-26 00:00:00','30.00',NULL,'1'),
 (177,'9070110317',587,'2016-09-26 00:00:00','4.00',NULL,'1'),
 (178,'9410059083',592,'2016-09-13 00:00:00','20.00',NULL,'1'),
 (179,'9250125139',579,'2016-09-27 00:00:00','62.00',NULL,'1'),
 (180,'9250125140',203,'2016-09-27 00:00:00','62.00',NULL,'1'),
 (181,'9250125141',579,'2016-09-27 00:00:00','30.00',NULL,'1'),
 (182,'9250125142',203,'2016-09-27 00:00:00','30.00',NULL,'1'),
 (183,'9250125146',606,'2016-09-27 00:00:00','40.00',NULL,'1'),
 (184,'9250125147',607,'2016-09-27 00:00:00','40.00',NULL,'1'),
 (185,'9070110614',178,'2016-09-30 00:00:00','120.00',NULL,'1'),
 (186,'9070110615',218,'2016-09-30 00:00:00','120.00',NULL,'1'),
 (187,'9410060973',243,'2016-10-04 00:00:00','30.00',NULL,'1'),
 (188,'9410060974',182,'2016-10-04 00:00:00','30.00',NULL,'1'),
 (189,'9250126453',581,'2016-10-06 00:00:00','40.00',NULL,'1'),
 (190,'9410061372',361,'2016-10-07 00:00:00','30.00',NULL,'1'),
 (191,'9410061370',361,'2016-10-07 00:00:00','132.00',NULL,'1'),
 (192,'9410061371',361,'2016-10-07 00:00:00','30.00',NULL,'1'),
 (193,'9410061873',604,'2016-10-13 00:00:00','81.00',NULL,'1'),
 (194,'9410061874',611,'2016-10-13 00:00:00','60.00',NULL,'1'),
 (195,'9250125067',257,'2016-09-27 00:00:00','60.00',NULL,'1'),
 (196,'9410061451',608,'2016-10-07 00:00:00','30.00',NULL,'1'),
 (197,'9250126520',177,'2016-10-07 00:00:00','120.00',NULL,'1'),
 (198,'9250126452',177,'2016-10-06 00:00:00','16.00',NULL,'1'),
 (199,'9070113010',207,'2016-10-31 00:00:00','60.00',NULL,'1'),
 (200,'9070113011',171,'2016-10-31 00:00:00','120.00',NULL,'1'),
 (201,'9070113012',171,'2016-10-31 00:00:00','52.00',NULL,'1'),
 (202,'9070113013',619,'2016-10-31 00:00:00','100.00',NULL,'1'),
 (203,'9070113014',202,'2016-10-31 00:00:00','30.00',NULL,'1'),
 (204,'9070113015',202,'2016-10-31 00:00:00','10.00',NULL,'1'),
 (205,'9070113016',243,'2016-10-31 00:00:00','30.00',NULL,'1'),
 (206,'9070113017',251,'2016-10-31 00:00:00','30.00',NULL,'1'),
 (207,'9070113018',251,'2016-10-31 00:00:00','4.00',NULL,'1'),
 (208,'9070113019',221,'2016-10-31 00:00:00','16.00',NULL,'1'),
 (209,'9070113020',221,'2016-10-31 00:00:00','20.00',NULL,'1'),
 (210,'9250127935',587,'2016-10-25 00:00:00','34.00',NULL,'1'),
 (211,'9250128320',165,'2016-10-28 00:00:00','30.00',NULL,'1'),
 (212,'9070113021',467,'2016-10-31 00:00:00','120.00',NULL,'1'),
 (213,'9070113022',588,'2016-10-31 00:00:00','30.00',NULL,'1'),
 (214,'9070113023',589,'2016-10-31 00:00:00','60.00',NULL,'1'),
 (215,'9070113024',589,'2016-10-31 00:00:00','8.00',NULL,'1'),
 (216,'9070113025',361,'2016-10-31 00:00:00','8.00',NULL,'1'),
 (217,'9070113027',602,'2016-10-31 00:00:00','30.00',NULL,'1'),
 (218,'9250127226',613,'2016-10-20 00:00:00','50.00',NULL,'1'),
 (219,'9070113028',257,'2016-10-31 00:00:00','8.00',NULL,'1'),
 (220,'9070113029',246,'2016-10-31 00:00:00','30.00',NULL,'1'),
 (221,'9070113030',246,'2016-10-31 00:00:00','12.00',NULL,'1'),
 (222,'9070113031',578,'2016-10-31 00:00:00','30.00',NULL,'1'),
 (223,'9410053715',234,'2016-07-12 00:00:00','8.00',NULL,'1'),
 (224,'9410056769',234,'2016-08-11 00:00:00','8.00',NULL,'1'),
 (225,'9410059304',234,'2016-09-15 00:00:00','8.00',NULL,'1'),
 (226,'9250125833',590,'2016-10-03 00:00:00','30.00',NULL,'1'),
 (227,'9410064451',590,'2016-11-09 00:00:00','30.00',NULL,'1'),
 (228,'9410066275',606,'2016-11-28 00:00:00','50.00',NULL,'1'),
 (229,'9410066276',607,'2016-11-28 00:00:00','50.00',NULL,'1'),
 (230,'9410066274',589,'2016-11-28 00:00:00','60.00',NULL,'1'),
 (231,'9410066284',589,'2016-11-28 00:00:00','4.00',NULL,'1'),
 (232,'9410066281',591,'2016-11-28 00:00:00','14.00',NULL,'1'),
 (233,'9250129409',362,'2016-11-08 00:00:00','14.00',NULL,'1'),
 (234,'9250129410',234,'2016-11-08 00:00:00','4.00',NULL,'1'),
 (235,'9410066279',243,'2016-11-28 00:00:00','30.00',NULL,'1'),
 (236,'9260119380',189,'2016-11-01 00:00:00','120.00',NULL,'1'),
 (237,'9410066280',588,'2016-11-28 00:00:00','30.00',NULL,'1'),
 (238,'9410066273',228,'2016-11-28 00:00:00','65.00',NULL,'1'),
 (239,'9410066271',228,'2016-11-28 00:00:00','184.00',NULL,'1'),
 (240,'9410066270',228,'2016-11-28 00:00:00','240.00',NULL,'1'),
 (241,'9410066282',189,'2016-11-28 00:00:00','13.00',NULL,'1'),
 (242,'9410066277',218,'2016-11-28 00:00:00','32.00',NULL,'1'),
 (243,'9410066272',218,'2016-11-28 00:00:00','120.00',NULL,'1'),
 (244,'9410066278',178,'2016-11-28 00:00:00','32.00',NULL,'1'),
 (245,'9410066283',223,'2016-11-28 00:00:00','12.00',NULL,'1'),
 (246,'9070115859',623,'2016-11-29 00:00:00','60.00',NULL,'1'),
 (247,'9250132265',168,'2016-12-01 00:00:00','16.00',NULL,'1'),
 (248,'9250132266',168,'2016-12-01 00:00:00','240.00',NULL,'1'),
 (249,'9250132267',593,'2016-12-01 00:00:00','120.00',NULL,'1'),
 (250,'9250132268',170,'2016-12-01 00:00:00','2.00',NULL,'1'),
 (251,'9250132269',170,'2016-12-01 00:00:00','120.00',NULL,'1'),
 (252,'9250130187',185,'2016-11-15 00:00:00','40.00',NULL,'1'),
 (253,'9250132270',185,'2016-12-01 00:00:00','30.00',NULL,'1'),
 (254,'9070119024',602,'2016-12-29 00:00:00','60.00',NULL,'1'),
 (255,'9070119022',611,'2016-12-29 00:00:00','60.00',NULL,'1'),
 (256,'9070119025',611,'2016-12-29 00:00:00','20.00',NULL,'1'),
 (257,'9250135071',234,'2016-12-22 00:00:00','130.00',NULL,'1'),
 (258,'9410070825',581,'2017-01-12 00:00:00','80.00',NULL,'1'),
 (259,'9070119023',610,'2016-12-29 00:00:00','60.00',NULL,'1'),
 (260,'9070115813',177,'2016-11-29 00:00:00','16.00',NULL,'1'),
 (261,'9250132974',177,'2016-12-06 00:00:00','90.00',NULL,'1'),
 (262,'9250132975',177,'2016-12-06 00:00:00','12.00',NULL,'1'),
 (263,'9250136604',196,'2017-01-03 00:00:00','120.00',NULL,'1'),
 (264,'9250137253',194,'2017-01-10 00:00:00','120.00',NULL,'1'),
 (265,'9410070270',227,'2017-01-05 00:00:00','120.00',NULL,'1'),
 (266,'9410070282',618,'2017-01-05 00:00:00','120.00',NULL,'1'),
 (270,'9250136936',177,'2017-01-09 00:00:00','12.00',NULL,'1'),
 (271,'9070121470',209,'2017-01-24 00:00:00','30.00',NULL,'1'),
 (272,'9070121471',591,'2017-01-24 00:00:00','90.00',NULL,'1'),
 (273,'9250139625',591,'2017-01-30 00:00:00','8.00',NULL,'1'),
 (274,'9250139624',596,'2017-01-30 00:00:00','60.00',NULL,'1'),
 (275,'',604,'2017-05-31 00:00:00','178.00',NULL,'1'),
 (276,'10050003202',604,'2017-03-29 00:00:00','120.00',NULL,'1'),
 (277,'9260123564',189,'2016-12-06 00:00:00','18.00',NULL,'1'),
 (278,'9250138931',209,'2016-01-25 00:00:00','100.00',NULL,'1'),
 (279,'9070121607',208,'2017-01-26 00:00:00','120.00',NULL,'1'),
 (280,'9070121469',223,'2017-01-24 00:00:00','10.00',NULL,'1'),
 (281,'9250139623',202,'2017-01-30 00:00:00','60.00',NULL,'1'),
 (282,'9250139622',202,'2017-01-30 00:00:00','10.00',NULL,'1'),
 (283,'9250139620',240,'2017-01-30 00:00:00','20.00',NULL,'1'),
 (284,'9250139619',361,'2017-01-30 00:00:00','8.00',NULL,'1'),
 (285,'9070119627',177,'2017-01-05 00:00:00','8.00',NULL,'1'),
 (286,'9250136261',185,'2016-12-30 00:00:00','30.00',NULL,'1'),
 (287,'9250139618',619,'2017-01-30 00:00:00','4.00',NULL,'1'),
 (288,'9250139617',178,'2017-01-30 00:00:00','32.00',NULL,'1'),
 (289,'9250139616',178,'2017-01-30 00:00:00','16.00',NULL,'1'),
 (290,'9250139615',233,'2017-01-30 00:00:00','70.00',NULL,'1'),
 (291,'8770156622',243,'2017-01-30 00:00:00','30.00',NULL,'1'),
 (292,'8770156900',243,'2016-12-16 00:00:00','20.00',NULL,'1'),
 (293,'9410066148',213,'2016-11-25 00:00:00','20.00',NULL,'1'),
 (294,'9250139614',213,'2017-01-30 00:00:00','20.00',NULL,'1'),
 (295,'9250139613',215,'2017-01-30 00:00:00','42.00',NULL,'1'),
 (296,'9250139612',216,'2017-01-30 00:00:00','40.00',NULL,'1'),
 (297,'9250139611',214,'2017-01-30 00:00:00','38.00',NULL,'1'),
 (298,'9250139610',215,'2017-01-30 00:00:00','120.00',NULL,'1'),
 (299,'9250139609',216,'2017-01-30 00:00:00','120.00',NULL,'1'),
 (300,'9250139608',214,'2017-01-30 00:00:00','120.00',NULL,'1'),
 (301,'9250139607',253,'2017-01-30 00:00:00','120.00',NULL,'1'),
 (302,'9250139606',246,'2017-01-30 00:00:00','30.00',NULL,'1'),
 (303,'9250139605',191,'2017-01-30 00:00:00','20.00',NULL,'1'),
 (304,'9250139604',171,'2017-01-30 00:00:00','120.00',NULL,'1'),
 (305,'9250139603',171,'2017-01-30 00:00:00','16.00',NULL,'1'),
 (306,'9250139602',207,'2017-01-30 00:00:00','60.00',NULL,'1'),
 (307,'9250139601',207,'2017-01-30 00:00:00','72.00',NULL,'1'),
 (308,'9250139600',221,'2017-01-30 00:00:00','10.00',NULL,'1'),
 (309,'trans',233,'2016-10-12 00:00:00','60.00',NULL,'1'),
 (311,'9770161843',175,'2017-01-24 00:00:00','300.00',NULL,'1'),
 (312,'9250138902',165,'2017-01-25 00:00:00','60.00',NULL,'1'),
 (313,'9250139599',190,'2017-01-30 00:00:00','180.00',NULL,'1'),
 (314,'9250139598',190,'2017-01-30 00:00:00','46.00',NULL,'1'),
 (315,'9250139597',190,'2017-01-30 00:00:00','14.00',NULL,'1'),
 (316,'9250139596',224,'2017-01-30 00:00:00','50.00',NULL,'1'),
 (317,'9250139595',578,'2017-01-30 00:00:00','30.00',NULL,'1'),
 (318,'9250139423',592,'2017-01-30 00:00:00','16.00',NULL,'1'),
 (319,'9070118611',592,'2016-12-27 00:00:00','120.00',NULL,'1'),
 (320,'9410055169',467,'2015-07-26 00:00:00','16.00',NULL,'1'),
 (321,'9070110471',467,'2016-09-28 00:00:00','16.00',NULL,'1'),
 (322,'9250138220',467,'2017-01-19 00:00:00','16.00',NULL,'1'),
 (323,'9250141437',172,'2017-02-14 00:00:00','120.00',NULL,'1'),
 (324,'9250141440',583,'2017-02-14 00:00:00','60.00',NULL,'1'),
 (325,'9250141439',578,'2017-02-14 00:00:00','30.00',NULL,'1'),
 (326,'9250141438',608,'2017-02-14 00:00:00','8.00',NULL,'1'),
 (327,'9250141748',170,'2017-02-16 00:00:00','28.00',NULL,'1'),
 (328,'9250141749',593,'2017-02-16 00:00:00','28.00',NULL,'1'),
 (329,'9250141750',168,'2017-02-16 00:00:00','20.00',NULL,'1'),
 (330,'9250141751',168,'2017-02-16 00:00:00','16.00',NULL,'1'),
 (331,'9410070770',362,'2017-01-12 00:00:00','140.00',NULL,'1'),
 (332,'9410073503',172,'2017-02-14 00:00:00','90.00',NULL,'1'),
 (333,'9250141752',583,'2017-02-16 00:00:00','60.00',NULL,'1'),
 (334,'9250141753',583,'2017-02-16 00:00:00','5.00',NULL,'1'),
 (335,'9410072445',177,'2017-01-31 00:00:00','12.00',NULL,'1'),
 (336,'9070123641',176,'2017-02-16 00:00:00','120.00',NULL,'1'),
 (337,'9250144373',612,'2017-03-13 00:00:00','60.00',NULL,'1'),
 (338,'9250144374',608,'2017-03-13 00:00:00','4.00',NULL,'1'),
 (339,'9070125498',610,'2017-03-10 00:00:00','12.00',NULL,'1'),
 (340,'9410075767',177,'2017-03-07 00:00:00','12.00',NULL,'1'),
 (341,'9410073471',208,'2017-02-14 00:00:00','40.00',NULL,'1'),
 (342,'9070127732',612,'2017-04-04 00:00:00','60.00',NULL,'1'),
 (343,'9410078130',579,'2017-04-06 00:00:00','90.00',NULL,'1'),
 (344,'9410078131',203,'2017-04-06 00:00:00','90.00',NULL,'1'),
 (345,'9070126843',165,'2017-03-27 00:00:00','30.00',NULL,'1'),
 (346,'9070127962',469,'2017-04-05 00:00:00','120.00',NULL,'1'),
 (347,'9410078129',596,'2017-04-06 00:00:00','60.00',NULL,'1'),
 (349,'9250146566',605,'2017-04-07 00:00:00','8.00',NULL,'1'),
 (351,'9410078467',248,'2017-04-10 00:00:00','50.00',NULL,'1'),
 (352,'9410079130',604,'2017-04-19 00:00:00','40.00',NULL,'1'),
 (353,'9070120766',234,'2017-01-17 00:00:00','4.00',NULL,'1'),
 (354,'10050002189',234,'2017-03-15 00:00:00','4.00',NULL,'1'),
 (355,'9410079131',258,'2017-04-19 00:00:00','20.00',NULL,'1'),
 (356,'9250145775',258,'2017-04-03 00:00:00','120.00',NULL,'1'),
 (357,'9250148520',178,'2017-04-24 00:00:00','240.00',NULL,'1'),
 (358,'9250148519',178,'2017-04-24 00:00:00','64.00',NULL,'1'),
 (359,'9250148521',597,'2017-04-24 00:00:00','240.00',NULL,'1'),
 (360,'9070113575',616,'2016-11-07 00:00:00','80.00',NULL,'1'),
 (361,'9410079242',165,'2017-04-24 00:00:00','20.00',NULL,'1'),
 (362,'AC1',163,'2020-01-22 00:00:00','500.00','DEP',''),
 (363,'AC2',163,'2020-01-22 00:00:00','200.00','DEP','');
/*!40000 ALTER TABLE `depositos` ENABLE KEYS */;


--
-- Definition of table `depositospersonas`
--

DROP TABLE IF EXISTS `depositospersonas`;
CREATE TABLE `depositospersonas` (
  `codigodeposito` int(10) unsigned NOT NULL AUTO_INCREMENT,
  `codigopersona` int(10) unsigned NOT NULL,
  `estado` varchar(1) NOT NULL,
  PRIMARY KEY (`codigodeposito`,`codigopersona`)
) ENGINE=InnoDB AUTO_INCREMENT=569 DEFAULT CHARSET=latin1;

--
-- Dumping data for table `depositospersonas`
--

/*!40000 ALTER TABLE `depositospersonas` DISABLE KEYS */;
INSERT INTO `depositospersonas` (`codigodeposito`,`codigopersona`,`estado`) VALUES 
 (38,163,'1'),
 (38,223,'1'),
 (38,611,'1'),
 (38,624,'1'),
 (39,40,'1'),
 (40,40,'1'),
 (41,41,'1'),
 (42,42,'1'),
 (43,43,'1'),
 (44,44,'1'),
 (45,45,'1'),
 (46,46,'1'),
 (47,47,'1'),
 (48,48,'1'),
 (49,49,'1'),
 (50,50,'1'),
 (51,51,'1'),
 (52,52,'1'),
 (53,66,'1'),
 (54,81,'1'),
 (55,82,'1'),
 (56,83,'1'),
 (57,84,'1'),
 (58,85,'1'),
 (59,86,'1'),
 (60,87,'1'),
 (61,88,'1'),
 (62,89,'1'),
 (63,90,'1'),
 (64,91,'1'),
 (65,92,'1'),
 (66,93,'1'),
 (67,94,'1'),
 (68,95,'1'),
 (69,96,'1'),
 (70,98,'1'),
 (71,99,'1'),
 (72,40,'1'),
 (73,41,'1'),
 (74,42,'1'),
 (75,43,'1'),
 (76,44,'1'),
 (77,45,'1'),
 (78,46,'1'),
 (79,47,'1'),
 (80,48,'1'),
 (81,49,'1'),
 (82,50,'1'),
 (83,51,'1'),
 (84,52,'1'),
 (85,66,'1'),
 (86,81,'1'),
 (87,82,'1'),
 (88,83,'1'),
 (89,84,'1'),
 (90,85,'1'),
 (91,86,'1'),
 (92,87,'1'),
 (93,88,'1'),
 (94,89,'1'),
 (95,90,'1'),
 (96,91,'1'),
 (96,201,'1'),
 (97,92,'1'),
 (98,93,'1'),
 (98,200,'1'),
 (98,201,'1'),
 (98,244,'1'),
 (99,94,'1'),
 (99,201,'1'),
 (100,95,'1'),
 (101,129,'1'),
 (102,130,'1'),
 (103,131,'1'),
 (104,132,'1'),
 (105,133,'1'),
 (106,134,'1'),
 (107,135,'1'),
 (108,136,'1'),
 (109,137,'1'),
 (110,138,'1'),
 (111,139,'1'),
 (112,140,'1'),
 (113,141,'1'),
 (114,142,'1'),
 (115,143,'1'),
 (116,144,'1'),
 (117,145,'1'),
 (118,146,'1'),
 (119,147,'1'),
 (120,148,'1'),
 (121,149,'1'),
 (122,150,'1'),
 (123,151,'1'),
 (124,152,'1'),
 (125,153,'1'),
 (126,154,'1'),
 (127,155,'1'),
 (128,156,'1'),
 (129,157,'1'),
 (130,158,'1'),
 (131,159,'1'),
 (132,160,'1'),
 (133,161,'1'),
 (134,162,'1'),
 (135,163,'1'),
 (136,164,'1'),
 (137,165,'1'),
 (138,166,'1'),
 (139,167,'1'),
 (140,168,'1'),
 (141,169,'1'),
 (142,170,'1'),
 (143,171,'1'),
 (144,172,'1'),
 (145,173,'1'),
 (146,174,'1'),
 (147,175,'1'),
 (148,176,'1'),
 (149,177,'1'),
 (150,178,'1'),
 (151,179,'1'),
 (152,180,'1'),
 (153,181,'1'),
 (154,182,'1'),
 (155,183,'1'),
 (156,184,'1'),
 (157,185,'1'),
 (158,186,'1'),
 (159,187,'1'),
 (160,188,'1'),
 (161,189,'1'),
 (162,190,'1'),
 (163,191,'1'),
 (164,192,'1'),
 (165,193,'1'),
 (166,194,'1'),
 (167,195,'1'),
 (168,196,'1'),
 (169,197,'1'),
 (170,198,'1'),
 (171,199,'1'),
 (172,200,'1'),
 (174,202,'1'),
 (175,203,'1'),
 (176,204,'1'),
 (177,205,'1'),
 (178,206,'1'),
 (179,207,'1'),
 (180,208,'1'),
 (181,209,'1'),
 (182,210,'1'),
 (183,211,'1'),
 (184,212,'1'),
 (185,213,'1'),
 (186,214,'1'),
 (187,215,'1'),
 (188,216,'1'),
 (189,217,'1'),
 (190,218,'1'),
 (191,219,'1'),
 (192,220,'1'),
 (193,221,'1'),
 (194,222,'1'),
 (195,223,'1'),
 (196,224,'1'),
 (197,225,'1'),
 (198,226,'1'),
 (199,227,'1'),
 (200,228,'1'),
 (201,229,'1'),
 (202,230,'1'),
 (203,231,'1'),
 (204,232,'1'),
 (205,233,'1'),
 (206,234,'1'),
 (207,235,'1'),
 (208,236,'1'),
 (209,237,'1'),
 (210,238,'1'),
 (211,239,'1'),
 (212,240,'1'),
 (213,241,'1'),
 (214,242,'1'),
 (215,243,'1'),
 (216,244,'1'),
 (217,245,'1'),
 (218,246,'1'),
 (219,247,'1'),
 (220,248,'1'),
 (221,249,'1'),
 (222,250,'1'),
 (223,251,'1'),
 (224,252,'1'),
 (225,253,'1'),
 (226,254,'1'),
 (227,255,'1'),
 (228,256,'1'),
 (229,257,'1'),
 (230,258,'1'),
 (231,259,'1'),
 (232,260,'1'),
 (233,261,'1'),
 (234,262,'1'),
 (235,263,'1'),
 (236,264,'1'),
 (237,265,'1'),
 (238,266,'1'),
 (239,96,'1'),
 (240,98,'1'),
 (241,99,'1'),
 (242,270,'1'),
 (243,271,'1'),
 (244,272,'1'),
 (245,273,'1'),
 (246,274,'1'),
 (247,275,'1'),
 (248,276,'1'),
 (249,277,'1'),
 (250,278,'1'),
 (251,279,'1'),
 (252,280,'1'),
 (253,281,'1'),
 (254,282,'1'),
 (255,283,'1'),
 (256,284,'1'),
 (257,285,'1'),
 (258,286,'1'),
 (259,287,'1'),
 (260,288,'1'),
 (261,289,'1'),
 (262,290,'1'),
 (263,291,'1'),
 (264,292,'1'),
 (265,293,'1'),
 (266,294,'1'),
 (267,295,'1'),
 (268,296,'1'),
 (269,297,'1'),
 (270,298,'1'),
 (271,299,'1'),
 (272,300,'1'),
 (273,301,'1'),
 (274,302,'1'),
 (275,303,'1'),
 (276,304,'1'),
 (277,305,'1'),
 (278,306,'1'),
 (279,307,'1'),
 (280,308,'1'),
 (281,309,'1'),
 (282,309,'1'),
 (283,311,'1'),
 (284,312,'1'),
 (285,313,'1'),
 (286,314,'1'),
 (287,315,'1'),
 (288,316,'1'),
 (289,317,'1'),
 (290,318,'1'),
 (291,319,'1'),
 (292,320,'1'),
 (293,321,'1'),
 (294,322,'1'),
 (295,323,'1'),
 (296,324,'1'),
 (297,325,'1'),
 (298,326,'1'),
 (299,327,'1'),
 (300,328,'1'),
 (301,329,'1'),
 (302,330,'1'),
 (303,331,'1'),
 (304,332,'1'),
 (305,333,'1'),
 (306,334,'1'),
 (307,335,'1'),
 (308,336,'1'),
 (309,337,'1'),
 (310,338,'1'),
 (311,339,'1'),
 (312,340,'1'),
 (313,341,'1'),
 (314,275,'1'),
 (315,275,'1'),
 (316,275,'1'),
 (317,275,'1'),
 (318,275,'1'),
 (319,275,'1'),
 (320,275,'1'),
 (321,275,'1'),
 (322,275,'1'),
 (323,275,'1'),
 (324,275,'1'),
 (325,275,'1'),
 (326,275,'1'),
 (327,275,'1'),
 (328,275,'1'),
 (329,275,'1'),
 (330,275,'1'),
 (331,275,'1'),
 (332,275,'1'),
 (333,275,'1'),
 (334,275,'1'),
 (335,275,'1'),
 (336,275,'1'),
 (337,275,'1'),
 (338,275,'1'),
 (339,275,'1'),
 (340,275,'1'),
 (341,275,'1'),
 (342,275,'1'),
 (343,275,'1'),
 (344,275,'1'),
 (345,275,'1'),
 (346,275,'1'),
 (347,275,'1'),
 (348,275,'1'),
 (349,275,'1'),
 (350,275,'1'),
 (351,275,'1'),
 (352,275,'1'),
 (353,275,'1'),
 (354,275,'1'),
 (355,275,'1'),
 (356,275,'1'),
 (357,275,'1'),
 (358,275,'1'),
 (359,275,'1'),
 (360,275,'1'),
 (361,275,'1'),
 (362,163,'1'),
 (362,275,'1'),
 (363,163,'1'),
 (363,275,'1'),
 (364,275,'1'),
 (365,275,'1'),
 (366,275,'1'),
 (367,275,'1'),
 (368,275,'1'),
 (369,275,'1'),
 (370,275,'1'),
 (371,275,'1'),
 (372,275,'1'),
 (373,275,'1'),
 (374,342,'1'),
 (375,343,'1'),
 (376,344,'1'),
 (377,345,'1'),
 (378,346,'1'),
 (379,347,'1'),
 (380,276,'1'),
 (381,349,'1'),
 (382,276,'1'),
 (383,351,'1'),
 (384,352,'1'),
 (385,353,'1'),
 (386,354,'1'),
 (387,355,'1'),
 (388,356,'1'),
 (389,357,'1'),
 (390,358,'1'),
 (391,359,'1'),
 (392,360,'1'),
 (393,361,'1'),
 (394,275,'1'),
 (395,275,'1'),
 (396,275,'1'),
 (397,275,'1'),
 (398,275,'1'),
 (399,275,'1'),
 (400,275,'1'),
 (401,275,'1'),
 (402,275,'1'),
 (403,275,'1'),
 (404,275,'1'),
 (405,275,'1'),
 (406,275,'1'),
 (407,275,'1'),
 (408,275,'1'),
 (409,275,'1'),
 (410,275,'1'),
 (411,275,'1'),
 (412,275,'1'),
 (413,275,'1'),
 (414,275,'1'),
 (415,275,'1'),
 (416,275,'1'),
 (417,275,'1'),
 (418,275,'1'),
 (419,275,'1'),
 (420,275,'1'),
 (421,275,'1'),
 (422,275,'1'),
 (423,275,'1'),
 (424,275,'1'),
 (425,275,'1'),
 (426,275,'1'),
 (427,275,'1'),
 (428,275,'1'),
 (429,275,'1'),
 (430,275,'1'),
 (431,275,'1'),
 (432,275,'1'),
 (433,275,'1'),
 (434,275,'1'),
 (435,275,'1'),
 (436,275,'1'),
 (437,275,'1'),
 (438,275,'1'),
 (439,275,'1'),
 (440,275,'1'),
 (441,275,'1'),
 (442,275,'1'),
 (443,275,'1'),
 (444,275,'1'),
 (445,275,'1'),
 (446,275,'1'),
 (447,275,'1'),
 (448,275,'1'),
 (449,275,'1'),
 (450,275,'1'),
 (451,275,'1'),
 (452,275,'1'),
 (453,275,'1'),
 (454,275,'1'),
 (455,275,'1'),
 (456,275,'1'),
 (457,275,'1'),
 (458,275,'1'),
 (459,275,'1'),
 (460,275,'1'),
 (461,275,'1'),
 (462,275,'1'),
 (463,275,'1'),
 (464,275,'1'),
 (465,275,'1'),
 (466,275,'1'),
 (467,275,'1'),
 (468,275,'1'),
 (469,275,'1'),
 (470,275,'1'),
 (471,275,'1'),
 (472,275,'1'),
 (473,275,'1'),
 (474,275,'1'),
 (475,275,'1'),
 (476,275,'1'),
 (477,275,'1'),
 (478,275,'1'),
 (479,275,'1'),
 (480,275,'1'),
 (481,275,'1'),
 (482,275,'1'),
 (483,275,'1'),
 (484,275,'1'),
 (485,275,'1'),
 (486,275,'1'),
 (487,275,'1'),
 (488,275,'1'),
 (489,275,'1'),
 (490,275,'1'),
 (491,275,'1'),
 (492,275,'1'),
 (493,275,'1'),
 (494,275,'1'),
 (495,275,'1'),
 (496,275,'1'),
 (497,275,'1'),
 (498,275,'1'),
 (499,275,'1'),
 (500,275,'1'),
 (501,275,'1'),
 (502,275,'1'),
 (503,275,'1'),
 (504,275,'1'),
 (505,275,'1'),
 (506,275,'1'),
 (507,275,'1'),
 (508,275,'1'),
 (509,275,'1'),
 (510,275,'1'),
 (511,275,'1'),
 (512,275,'1'),
 (513,275,'1'),
 (514,275,'1'),
 (515,275,'1'),
 (516,275,'1'),
 (517,275,'1'),
 (518,275,'1'),
 (519,275,'1'),
 (520,275,'1'),
 (521,275,'1'),
 (522,275,'1'),
 (523,275,'1'),
 (524,275,'1'),
 (525,275,'1'),
 (526,275,'1'),
 (527,275,'1'),
 (528,275,'1'),
 (529,275,'1'),
 (530,275,'1'),
 (531,275,'1'),
 (532,275,'1'),
 (533,275,'1'),
 (534,275,'1'),
 (535,275,'1'),
 (536,275,'1'),
 (537,275,'1'),
 (538,275,'1'),
 (539,275,'1'),
 (540,275,'1'),
 (541,275,'1'),
 (542,275,'1'),
 (543,275,'1'),
 (544,275,'1'),
 (545,275,'1'),
 (546,275,'1'),
 (547,275,'1'),
 (548,275,'1'),
 (549,275,'1'),
 (550,275,'1'),
 (551,275,'1'),
 (552,275,'1'),
 (553,275,'1'),
 (554,275,'1'),
 (555,275,'1'),
 (556,275,'1'),
 (557,275,'1'),
 (558,275,'1'),
 (559,275,'1'),
 (560,275,'1'),
 (561,275,'1'),
 (562,275,'1'),
 (563,275,'1'),
 (564,275,'1'),
 (565,275,'1'),
 (566,275,'1'),
 (567,275,'1'),
 (568,275,'1');
/*!40000 ALTER TABLE `depositospersonas` ENABLE KEYS */;


--
-- Definition of table `games`
--

DROP TABLE IF EXISTS `games`;
CREATE TABLE `games` (
  `id` int(11) NOT NULL AUTO_INCREMENT,
  `name` varchar(20) DEFAULT NULL,
  `price` float DEFAULT NULL,
  PRIMARY KEY (`id`)
) ENGINE=InnoDB AUTO_INCREMENT=7 DEFAULT CHARSET=latin1;

--
-- Dumping data for table `games`
--

/*!40000 ALTER TABLE `games` DISABLE KEYS */;
INSERT INTO `games` (`id`,`name`,`price`) VALUES 
 (2,'Alex El Leon',100.01),
 (3,'Cars',12),
 (4,'Josue',9),
 (5,'SPIDERMAN',40),
 (6,'SUPERMAN',40.06);
/*!40000 ALTER TABLE `games` ENABLE KEYS */;


--
-- Definition of table `lotes`
--

DROP TABLE IF EXISTS `lotes`;
CREATE TABLE `lotes` (
  `codigolote` int(10) unsigned NOT NULL AUTO_INCREMENT,
  `codigoreferencia` varchar(10) NOT NULL,
  `codigopersona` int(10) unsigned NOT NULL,
  `estado` varchar(1) NOT NULL,
  `manzana` varchar(3) NOT NULL,
  `numerolote` varchar(3) NOT NULL,
  `codigoreferenciaanterior` varchar(10) NOT NULL,
  `manzanaanterior` varchar(3) NOT NULL,
  `numeroloteanterior` varchar(3) NOT NULL,
  PRIMARY KEY (`codigolote`),
  UNIQUE KEY `lotes_unique_codigoreferencia` (`codigoreferencia`),
  UNIQUE KEY `lotes_unique_manzana_numerolote` (`manzana`,`numerolote`) USING BTREE,
  UNIQUE KEY `lotes_codref_codrefant` (`codigoreferencia`,`codigoreferenciaanterior`)
) ENGINE=InnoDB AUTO_INCREMENT=399 DEFAULT CHARSET=latin1;

--
-- Dumping data for table `lotes`
--

/*!40000 ALTER TABLE `lotes` DISABLE KEYS */;
INSERT INTO `lotes` (`codigolote`,`codigoreferencia`,`codigopersona`,`estado`,`manzana`,`numerolote`,`codigoreferenciaanterior`,`manzanaanterior`,`numeroloteanterior`) VALUES 
 (156,'A-1',162,'1','A','1','A-1','A','1'),
 (157,'A-2',163,'1','A','2','A-2','A','2'),
 (158,'A-3',164,'1','A','3','A-3','A','3'),
 (159,'A-4',165,'1','A','4','A-4','A','4'),
 (160,'A-5',166,'1','A','5','A-5','A','5'),
 (161,'A-6',167,'1','A','6','A-6','A','6'),
 (162,'A-7',168,'1','A','7','A-7','A','7'),
 (163,'A-8',169,'1','A','8','A-8','A','8'),
 (164,'A-9',170,'1','A','9','A-9','A','9'),
 (165,'A-10',171,'1','A','10','A-10','A','10'),
 (166,'A-11',172,'1','A','11','A-11','A','11'),
 (167,'A-12',173,'1','A','12','A-12','A','12'),
 (168,'A-13',174,'1','A','13','A-13','A','13'),
 (169,'A-14',175,'1','A','14','A-14','A','14'),
 (170,'A-15',176,'1','A','15','A-15','A','15'),
 (171,'A-16',177,'1','A','16','A-16','A','16'),
 (172,'A-17',178,'1','A','17','A-17','A','17'),
 (173,'A-18',179,'1','A','18','A-18','A','18'),
 (174,'B-1',180,'1','B','1','B-1','B','1'),
 (175,'B-2',181,'1','B','2','B-2','B','2'),
 (176,'B-3',182,'1','B','3','B-3','B','3'),
 (177,'B-4',183,'1','B','4','B-4','B','4'),
 (178,'B-5',184,'1','B','5','B-5','B','5'),
 (179,'B-6',185,'1','B','6','B-6','B','6'),
 (180,'B-7',186,'1','B','7','B-7','B','7'),
 (181,'B-8',187,'1','B','8','B-8','B','8'),
 (182,'B-9',188,'1','B','9','B-9','B','9'),
 (183,'B-10',189,'1','B','10','B-10','B','10'),
 (184,'B-11',190,'1','B','11','B-11','B','11'),
 (185,'C-1',191,'1','C','1','C-1','C','1'),
 (186,'C-2',192,'1','C','2','C-2','C','2'),
 (187,'C-3',193,'1','C','3','C-3','C','3'),
 (188,'C-4',194,'1','C','4','C-4','C','4'),
 (189,'C-5',195,'1','C','5','C-5','C','5'),
 (190,'C-6',196,'1','C','6','C-6','C','6'),
 (191,'C-7',197,'1','C','7','C-7','C','7'),
 (192,'C-8',198,'1','C','8','C-8','C','8'),
 (193,'C-9',199,'1','C','9','C-9','C','9'),
 (194,'C-10',200,'1','C','10','C-11','C','11'),
 (195,'C-11',201,'1','C','11','C-10','C','10'),
 (196,'D-1',202,'1','D','1','D-1','D','1'),
 (197,'D-2',203,'1','D','2','D-2','D','2'),
 (198,'D-3',204,'1','D','3','D-3','D','3'),
 (199,'D-4',205,'1','D','4','D-4','D','4'),
 (200,'D-5',206,'1','D','5','D-5','D','5'),
 (201,'D-6',207,'1','D','6','D-6','D','6'),
 (202,'D-7',208,'1','D','7','D-7','D','7'),
 (203,'D-8',209,'1','D','8','D-8','D','8'),
 (204,'D-9',210,'1','D','9','D-9','D','9'),
 (205,'D-10',211,'1','D','10','D-10','D','10'),
 (206,'D-11',212,'1','D','11','D-11','D','11'),
 (207,'E-1',213,'1','E','1','E-1','E','1'),
 (208,'E-2',214,'1','E','2','E-2','E','2'),
 (209,'E-3',215,'1','E','3','E-3','E','3'),
 (210,'E-4',216,'1','E','4','E-4','E','4'),
 (211,'F-1',217,'1','F','1','F-1','F','1'),
 (212,'F-2',218,'1','F','2','F-2','F','2'),
 (213,'F-3',219,'1','F','3','G-3','G','3'),
 (214,'F-4',219,'1','F','4','G-4','G','4'),
 (215,'F-5',221,'1','F','5','G-1','G','1'),
 (216,'F-6',222,'1','F','6','G-2','G','2'),
 (217,'F-7',223,'1','F','7','I-16','I','16'),
 (218,'G-1',224,'1','G','1','H-1','H','1'),
 (219,'G-2',225,'1','G','2','H-2','H','2'),
 (220,'G-3',226,'1','G','3','H-3','H','3'),
 (221,'G-4',227,'1','G','4','H-4','H','4'),
 (222,'G-5',228,'1','G','5','H-5','H','5'),
 (223,'G-6',229,'1','G','6','H-6','H','6'),
 (224,'G-7',230,'1','G','7','H-7','H','7'),
 (225,'G-8',231,'1','G','8','H-8','H','8'),
 (226,'G-9',188,'1','G','9','I-60','I','60'),
 (227,'G-10',233,'1','G','10','I-17','I','17'),
 (228,'G-11',234,'1','G','11','I-31','I','31'),
 (229,'G-12',188,'1','G','12','I-61','I','61'),
 (230,'G-13',188,'1','G','13','I-62','I','62'),
 (231,'G-14',237,'1','G','14','I-28','I','28'),
 (232,'G-15',188,'1','G','15','I-63','I','63'),
 (233,'G-16',188,'1','G','16','I-64','I','64'),
 (234,'H-1',240,'1','H','1','I-1','I','1'),
 (235,'H-2',241,'1','H','2','I-2','I','2'),
 (236,'H-3',242,'1','H','3','I-3','I','3'),
 (237,'H-4',243,'1','H','4','I-4','I','4'),
 (238,'H-5',244,'1','H','5','I-5','I','5'),
 (239,'H-6',245,'1','H','6','I-6','I','6'),
 (240,'H-7',246,'1','H','7','I-7','I','7'),
 (241,'H-8',247,'1','H','8','I-8','I','8'),
 (242,'H-9',248,'1','H','9','I-9','I','9'),
 (243,'H-10',249,'1','H','10','I-10','I','10'),
 (244,'H-11',250,'1','H','11','I-11','I','11'),
 (245,'H-12',251,'1','H','12','I-12','I','12'),
 (246,'H-13',252,'1','H','13','I-13','I','13'),
 (247,'H-14',253,'1','H','14','I-14','I','14'),
 (248,'I-1',254,'1','I','1','I-18','I','18'),
 (249,'I-2',255,'1','I','2','I-19','I','19'),
 (250,'I-3',256,'1','I','3','I-20','I','20'),
 (251,'I-4',257,'1','I','4','I-21','I','21'),
 (252,'I-5',258,'1','I','5','I-22','I','22'),
 (253,'I-6',259,'1','I','6','I-23','I','23'),
 (352,'J-5',578,'1','J','5','I-36','I','36'),
 (353,'J-6',579,'1','J','6','I-37','I','37'),
 (354,'J-7',580,'1','J','7','I-38','I','38'),
 (355,'J-8',581,'1','J','8','I-39','I','39'),
 (356,'J-9',582,'1','J','9','I-40','I','40'),
 (357,'J-10',583,'1','J','10','I-41','I','41'),
 (358,'J-11',584,'1','J','11','I-42','I','42'),
 (359,'J-12',585,'1','J','12','I-43','I','43'),
 (360,'J-13',586,'1','J','13','I-44','I','44'),
 (361,'J-14',587,'1','J','14','I-47','I','47'),
 (362,'J-15',588,'1','J','15','I-48','I','48'),
 (363,'J-16',589,'1','J','16','I-49','I','49'),
 (364,'J-17',590,'1','J','17','I-50','I','50'),
 (365,'J-18',591,'1','J','18','I-51','I','51'),
 (366,'J-19',592,'1','J','19','I-52','I','52'),
 (367,'J-20',593,'1','J','20','I-53','I','53'),
 (368,'J-21',594,'1','J','21','I-54','I','54'),
 (369,'J-22',595,'1','J','22','I-55','I','55'),
 (370,'J-23',596,'1','J','23','I-29','I','29'),
 (371,'K-1',597,'1','K','1','J-1','J','1'),
 (372,'K-2',598,'1','K','2','J-2','J','2'),
 (373,'K-3',599,'1','K','3','J-3','J','3'),
 (374,'K-4',600,'1','K','4','J-4','J','4'),
 (375,'K-5',601,'1','K','5','J-5','J','5'),
 (376,'K-6',602,'1','K','6','J-6','J','6'),
 (377,'K-7',603,'1','K','7','J-7','J','7'),
 (378,'K-8',604,'1','K','8','J-9','J','9'),
 (379,'K-9',605,'1','K','9','J-8','J','8'),
 (380,'K-10',606,'1','K','10','J-10','J','10'),
 (381,'K-11',607,'1','K','11','J-11','J','11'),
 (382,'K-12',608,'1','K','12','J-12','J','12'),
 (383,'K-13',609,'1','K','13','J-13','J','13'),
 (384,'K-14',610,'1','K','14','J-14','J','14'),
 (385,'K-15',611,'1','K','15','J-15','J','15'),
 (386,'K-16',612,'1','K','16','J-16','J','16'),
 (387,'K-17',613,'1','K','17','J-17','J','17'),
 (388,'K-18',614,'1','K','18','J-18','J','18'),
 (389,'K-19',199,'1','K','19','J-19','J','19'),
 (390,'K-20',616,'1','K','20','J-20','J','20'),
 (391,'K-21',256,'1','K','21','J-21','J','21'),
 (392,'K-22',618,'1','K','22','J-22','J','22'),
 (393,'K-23',619,'1','K','23','J-23','J','23'),
 (394,'K-24',620,'1','K','24','J-24','J','24'),
 (395,'K-25',621,'1','K','25','J-25','J','25'),
 (396,'K-26',622,'1','K','26','J-26','J','26'),
 (397,'K-27',623,'1','K','27','J-27','J','27'),
 (398,'K-28',624,'1','K','28','J-28','J','28');
/*!40000 ALTER TABLE `lotes` ENABLE KEYS */;


--
-- Definition of table `pagos`
--

DROP TABLE IF EXISTS `pagos`;
CREATE TABLE `pagos` (
  `codigopagocuotalote` int(10) unsigned NOT NULL AUTO_INCREMENT,
  `codigocuota` int(10) unsigned DEFAULT NULL,
  `codigodeposito` int(10) unsigned NOT NULL,
  `valorpagocuotalote` decimal(10,2) NOT NULL,
  `estado` varchar(1) NOT NULL,
  `fecharegistro` timestamp NOT NULL DEFAULT CURRENT_TIMESTAMP ON UPDATE CURRENT_TIMESTAMP,
  `codigolote` int(10) unsigned NOT NULL,
  `codigoreunion` int(10) unsigned DEFAULT NULL,
  PRIMARY KEY (`codigopagocuotalote`) USING BTREE
) ENGINE=InnoDB AUTO_INCREMENT=55 DEFAULT CHARSET=latin1;

--
-- Dumping data for table `pagos`
--

/*!40000 ALTER TABLE `pagos` DISABLE KEYS */;
INSERT INTO `pagos` (`codigopagocuotalote`,`codigocuota`,`codigodeposito`,`valorpagocuotalote`,`estado`,`fecharegistro`,`codigolote`,`codigoreunion`) VALUES 
 (29,8,38,'2.00','1','2020-01-10 00:00:00',157,NULL),
 (30,8,38,'5.50','1','2020-01-10 00:00:00',157,NULL),
 (31,8,98,'120.00','1','2020-01-19 00:00:00',195,NULL),
 (51,NULL,362,'8.00','1','2020-01-23 00:00:00',157,5),
 (52,NULL,362,'1.00','1','2020-01-23 00:00:00',157,5),
 (53,NULL,362,'10.00','1','2020-01-23 00:00:00',157,3),
 (54,NULL,362,'5.00','1','2020-01-23 00:00:00',157,6);
/*!40000 ALTER TABLE `pagos` ENABLE KEYS */;


--
-- Definition of table `personas`
--

DROP TABLE IF EXISTS `personas`;
CREATE TABLE `personas` (
  `codigopersona` int(10) unsigned NOT NULL AUTO_INCREMENT,
  `primernombre` varchar(45) NOT NULL,
  `segundonombre` varchar(45) DEFAULT NULL,
  `primerapellido` varchar(45) NOT NULL,
  `segundoapellido` varchar(45) DEFAULT NULL,
  `cedula` varchar(45) NOT NULL,
  `estado` varchar(1) NOT NULL,
  PRIMARY KEY (`codigopersona`) USING BTREE,
  UNIQUE KEY `personas_unique_cedula` (`cedula`)
) ENGINE=InnoDB AUTO_INCREMENT=625 DEFAULT CHARSET=latin1;

--
-- Dumping data for table `personas`
--

/*!40000 ALTER TABLE `personas` DISABLE KEYS */;
INSERT INTO `personas` (`codigopersona`,`primernombre`,`segundonombre`,`primerapellido`,`segundoapellido`,`cedula`,`estado`) VALUES 
 (162,'MANUEL GONZALO',NULL,'CHECA ONTANEDA',NULL,'1000309284','1'),
 (163,'ALEX RAL',NULL,'CAIZA MORILLO',NULL,'1002556437','1'),
 (164,'CARMEN AMELIA',NULL,'TITO GALEANO',NULL,'1003045422','1'),
 (165,'ANA LEONOR',NULL,'FLORES CADENA',NULL,'1001743770','1'),
 (166,'SEGUNDO GERMN',NULL,'MALLAMAS MAINAGUEZA',NULL,'0400527180','1'),
 (167,'VERNICA BELN',NULL,'QUINTANA CIFUENTES',NULL,'1002853198','1'),
 (168,'WILDER ORLANDO',NULL,'CUASAPAZ CUASAPAZ',NULL,'1002801726','1'),
 (169,'ESTEFANIA GUADALUPE',NULL,'PINEDA MORENO',NULL,'1003556436','1'),
 (170,'JESSICA GUADALUPE',NULL,'ANGAMARCA MORENO',NULL,'1003220116','1'),
 (171,'ELSA MARA DEL ROCO',NULL,'CHAFUEL POZO',NULL,'0400705760','1'),
 (172,'MARTHA MAGDALENA',NULL,'ESTRADA CHINGUAL',NULL,'0400425096','1'),
 (173,'YESENIA GABRIELA',NULL,'SALAZAR MONTALUISA',NULL,'1003562038','1'),
 (174,'CARLOS APOLONIO',NULL,'ITAS CUMBA',NULL,'0400694055','1'),
 (175,'CARLOS HERMINSUL',NULL,'MORILLO LEITN',NULL,'0400481891','1'),
 (176,'NEY FERNANDO',NULL,'MORA GRIJALVA',NULL,'0400804225','1'),
 (177,'GUILLERMO GERMN',NULL,'BENAVIDES MACHADO',NULL,'1001577905','1'),
 (178,'BERTHA EULALIA',NULL,'MARTNEZ RAMREZ',NULL,'1000374221','1'),
 (179,'ANDRES EDUARDO',NULL,'JARAMILLO MARTNEZ',NULL,'1002521175','1'),
 (180,'MARA MERCEDES',NULL,'HERRERA',NULL,'1000459964','1'),
 (181,'LUIZA EULALIA',NULL,'CABRERA VILLARROEL',NULL,'0602750861','1'),
 (182,'JORGE ENRIQUE',NULL,'HERNNDEZ HERNNDEZ',NULL,'1002212171','1'),
 (183,'CONSUELO DEL PILAR',NULL,'CERVANTES GORDILLO',NULL,'1715039770','1'),
 (184,'FANNY YOLANDA',NULL,'ARROYO BENALCAZAR',NULL,'1711603686','1'),
 (185,'OMAR HERNN',NULL,'CASTRO RODRGUEZ',NULL,'0401514567','1'),
 (186,'HIPOLITO ORLANDO',NULL,'ROSERO GUEVARA',NULL,'0400766713','1'),
 (187,'NARCISA SUSANA',NULL,'CIFUENTES FONTE',NULL,'1001459088','1'),
 (188,'CJCR',NULL,'CJCR',NULL,'0000000000','1'),
 (189,'ALBA TERESA',NULL,'GUANCHA GUANCHA',NULL,'0401001771','1'),
 (190,'AGUEDA MARITZA',NULL,'ROSERO LOMAS',NULL,'0401016225','1'),
 (191,'CRISTIAN MAURICIO',NULL,'CUASPUD HERNNDEZ',NULL,'0401609219','1'),
 (192,'MARA ESTHER',NULL,'ICHAU ICHAU',NULL,'1002892410','1'),
 (193,'MARCO VINICIO',NULL,'ESTACIO PORTILLA',NULL,'1002260881','1'),
 (194,'FERNANDO ERNESTO',NULL,'GUAMN PIZANAN',NULL,'0400985420','1'),
 (195,'IVN MARCELO',NULL,'ARGUELLO REVELO',NULL,'1001190725','1'),
 (196,'AURA ESPERANZA',NULL,'GUAMN PIZANAN',NULL,'0400933321','1'),
 (197,'MERY ANGELA',NULL,'BOLAOS SANDOVAL',NULL,'1002053542','1'),
 (198,'ANTHONY NICOLS',NULL,'SINGAUCHO ARROYO',NULL,'1004471072','1'),
 (199,'MERRY DEL ROSARIO',NULL,'HERNNDEZ GUADALUPE',NULL,'1002490934','1'),
 (200,'SOFIA PAMELA',NULL,'MORENO ACOSTA',NULL,'1003430434','1'),
 (201,'MARA MERCEDES',NULL,'ACOSTA PALOMEQUE',NULL,'1001070778','1'),
 (202,'NILO NOLBERTO',NULL,'VILLOTA RUANO',NULL,'0400797775','1'),
 (203,'LUIS WILLAN',NULL,'ANTAMBA FARINANGO',NULL,'1002836052','1'),
 (204,'MNICA DE LOURDES',NULL,'SOTO LPEZ',NULL,'1708767957','1'),
 (205,'DIEGO ORLANDO',NULL,'ERAZO CHAFUEL',NULL,'1721879490','1'),
 (206,'ZOILA MARA',NULL,'CADENA LVAREZ',NULL,'0400087417','1'),
 (207,'ANA KAREN',NULL,'SNCHEZ CHAFUEL',NULL,'1003108170','1'),
 (208,'GRACE JUDITH',NULL,'RAMREZ ROMO',NULL,'0400617486','1'),
 (209,'VERNICA MATILDE',NULL,'MORAN MORA',NULL,'1003179973','1'),
 (210,'WILLIAM STIWAR',NULL,'CABRERA CEVALLOS',NULL,'1004384606','1'),
 (211,'IVN OLEGARIO',NULL,'ESCOBAR',NULL,'1001608528','1'),
 (212,'LUIS OSWALDO',NULL,'MONTENEGRO ROSERO',NULL,'0400511283','1'),
 (213,'MANUEL ANBAL',NULL,'PORTILLA ROSERO',NULL,'0400736997','1'),
 (214,'BERTHA PATRICIA',NULL,'ENCALADA GRIJALVA',NULL,'0400784450','1'),
 (215,'ZOILA VIRGINIA',NULL,'ENCALADA GRIJALVA',NULL,'0400910428','1'),
 (216,'MARA TERESA',NULL,'ENCALADA GRIJALVA',NULL,'0400748257','1'),
 (217,'SILVIANA',NULL,'TINAJERO MARTNEZ',NULL,'1715364574','1'),
 (218,'OLGA SILVIANA',NULL,'MARTNEZ VALENCIA',NULL,'1705037214','1'),
 (219,'BEATRZ AURORA',NULL,'ARTEAGA QUISTANCHALA',NULL,'1003469101','1'),
 (221,'DIANA GABRIELA',NULL,'TAMBA TORRES',NULL,'1003201553','1'),
 (222,'ANA LUCA',NULL,'MAFLA CEVALLOS',NULL,'1001521473','1'),
 (223,'MARIANA CRISTINA',NULL,'MONTENEGRO GUZMN',NULL,'1003001375','1'),
 (224,'MARA ZARA',NULL,'CHURUCHUMBI CATUCUAMBA',NULL,'1002295531','1'),
 (225,'YOMAIRA CARINA',NULL,'GONZLEZ COLIMBA',NULL,'1002835567','1'),
 (226,'GUSTAVO SAID',NULL,'CERVANTES VILLALBA',NULL,'1001708773','1'),
 (227,'MARA MAGDALENA',NULL,'GUAMN PIZANAN',NULL,'0400811873','1'),
 (228,'JENNY ALEXANDRA',NULL,'GONZLEZ COLIMBA',NULL,'1002608568','1'),
 (229,'IMELDA PATRICIA',NULL,'VILLARRUEL CABASCANGO',NULL,'1003377056','1'),
 (230,'HUGO TARQUINO',NULL,'YPEZ JARAMILLO',NULL,'1000706141','1'),
 (231,'AIDA MARA',NULL,'VOZMEDIANO CARLOSAMA',NULL,'0400860409','1'),
 (233,'MARCIA GENOVEVA',NULL,'PAILLACHO YAR',NULL,'0401060447','1'),
 (234,'FRANKLIN JAVIER',NULL,'TORRES NUEZ',NULL,'1002178661','1'),
 (237,'NESLON NORMAN',NULL,'SOTO CORREA',NULL,'0600093520','1'),
 (240,'CARMEN MARA ELOISA',NULL,'LEN RECALDE',NULL,'1001009123','1'),
 (241,'NELLY MARA',NULL,'MONTENEGRO ROSERO',NULL,'0401099437','1'),
 (242,'ALEX NICOLAS',NULL,'BENAVIDES HERNNDEZ',NULL,'1050212743','1'),
 (243,'MARIANA CONCEPCIN',NULL,'ARTEAGA',NULL,'0400432449','1'),
 (244,'MARA FERNANDA',NULL,'MORENO ACOSTA',NULL,'1003430475','1'),
 (245,'MARA FTIMA',NULL,'ESPINOZA CONGO',NULL,'1002921797','1'),
 (246,'JORGE NEPTAL',NULL,'CUASPUD CHICAS',NULL,'0400335337','1'),
 (247,'FERNANDO VINICIO',NULL,'VALENCIA MORA',NULL,'0400592333','1'),
 (248,'EFRAN MESAS',NULL,'GUZMN DE LA BASTIDA',NULL,'0400089967','1'),
 (249,'MARA LUCILA',NULL,'MALLAMAS CASTRO',NULL,'0401668157','1'),
 (250,'MNICA ALEXANDRA',NULL,'FARINANGO HERRERA',NULL,'1001825254','1'),
 (251,'JOS EUSTORGIO',NULL,'CASTRO NARVEZ',NULL,'1700526633','1'),
 (252,'FANNY LUCA',NULL,'MONTENEGRO ROSERO',NULL,'0401007794','1'),
 (253,'EDWIN RICARDO',NULL,'NARVEZ ORTEGA',NULL,'0401034202','1'),
 (254,'ADELA FERNANDA',NULL,'ALVEAR ZUIGA',NULL,'1003307905','1'),
 (255,'LUIS FERNANDO',NULL,'CARLOSAMA',NULL,'1001498615','1'),
 (256,'LUIS ALFONSO',NULL,'COLIMBA GAVILIMA',NULL,'1000002889','1'),
 (257,'LIDIA ESMERALDA',NULL,'FUERTES BENALCAZAR',NULL,'0400435657','1'),
 (258,'JORGE EDUARDO',NULL,'POZO CADENA',NULL,'1001477809','1'),
 (259,'JORGE VICENTE',NULL,'MAFLA CEVALLOS',NULL,'1000976439','1'),
 (358,'ZOILA MARGARITA',NULL,'SALAZAR AUZ',NULL,'1002442398','1'),
 (359,'NGELA CRISTINA',NULL,'AYALA MARTNEZ',NULL,'1715364582','1'),
 (360,'YOLANDA DEL CARMEN',NULL,'JTIVA LUNA',NULL,'1000766178','1'),
 (361,'EMMA LUCILA',NULL,'YASELGA DE LA CRUZ',NULL,'1001335635','1'),
 (362,'EULALIA JIOVANNA',NULL,'ROSERO BOLAOS',NULL,'0400926630','1'),
 (467,'CARMEN',NULL,'GUERRERO SALAZAR',NULL,'1001823044','1'),
 (468,'DANIEL IMBAQUINGO',NULL,'AGUIRRE',NULL,'1001551421','1'),
 (469,'GLORIA EMPERATRZ',NULL,'FLORES PABN',NULL,'1001858669','1'),
 (470,'JORGE ALEXANDER',NULL,'FUERTES AGUIRRE',NULL,'1726334673','1'),
 (578,'ANITA DEL CARMEN',NULL,'MONTENEGRO ROSERO',NULL,'0400906277','1'),
 (579,'JULIO CESAR',NULL,'CACHIMUEL ANRANGO',NULL,'1002819413','1'),
 (580,'JANETH ARACELI',NULL,'ANDRADE COLLAHUAZO',NULL,'1001762366','1'),
 (581,'MARA MARGARITA',NULL,'ANRANGO MANRIQUE',NULL,'1001237914','1'),
 (582,'JOS LUIS',NULL,'VALDIVIEZO DAS',NULL,'1002964573','1'),
 (583,'ESPERANZA',NULL,'ALVEAR ZOILA',NULL,'0000000002','1'),
 (584,'MARITZA',NULL,'GAON QUIROZ',NULL,'0000000003','1'),
 (585,'JOHANNA ELIZABETH',NULL,'MONTENEGRO GUZMN',NULL,'1003856984','1'),
 (586,'SEGUNDO ELAS',NULL,'FERNNDEZ PERACHIMBA',NULL,'1703387876','1'),
 (587,'ANA MARA',NULL,'ALMEIDA ASCUNTAR',NULL,'1003579776','1'),
 (588,'MARA FLOR ALBA',NULL,'CALPA NARVEZ',NULL,'1705773073','1'),
 (589,'SEGUNDO ISMAEL',NULL,'BENALCAZAR BARAHONA',NULL,'1701974915','1'),
 (590,'MATILDE NOHEM',NULL,'DVILA OTERO',NULL,'1001770989','1'),
 (591,'REMIGIO JOS',NULL,'ROSERO QUIROZ',NULL,'0401006408','1'),
 (592,'BYRON RUBN',NULL,'LPEZ AYALA',NULL,'0401331905','1'),
 (593,'RICARDO ANDRS',NULL,'PREZ MORENO',NULL,'1004368492','1'),
 (594,'DELIA MARA VICTORIA',NULL,'CHUSQUILLO',NULL,'1000522381','1'),
 (595,'GUADALUPE DEL CARMEN',NULL,'COLIMBA CHUSQUILLO',NULL,'1002058723','1'),
 (596,'ROSA PAOLA',NULL,'QUINTAS MUESES',NULL,'1003307517','1'),
 (597,'EDWIN REN',NULL,'MONTENEGRO ROSERO',NULL,'0400664496','1'),
 (598,'WILMER JOS',NULL,'MONTENEGRO TAPIA',NULL,'1003975271','1'),
 (599,'FRANCIS SEBASTIAN',NULL,'BENAVIDES HERNNDEZ',NULL,'1003106414','1'),
 (600,'WILLIAN FERNANDO',NULL,'MORILLO CUMBA',NULL,'0401455308','1'),
 (601,'RAMIRO HERNN',NULL,'SOTO LPEZ',NULL,'1709890816','1'),
 (602,'ROSA',NULL,'GONZALEZ COLIMBA',NULL,'0000000001','1'),
 (603,'LILIANA DEL SOCORRO',NULL,'PARRA RUIZ',NULL,'1723495022','1'),
 (604,'DIEGO FRANCISCO',NULL,'BURBANO REGALADO',NULL,'0400693081','1'),
 (605,'ROSA PAULINA',NULL,'VILLARREAL GORDN',NULL,'0401219746','1'),
 (606,'ELIZABETH MAGDALENA',NULL,'NARVEZ ORTEGA',NULL,'0401445531','1'),
 (607,'VERNICA ROCO',NULL,'NARVEZ ORTEGA',NULL,'0401445523','1'),
 (608,'JUDITH ANITA',NULL,'ANDRADE COLLAHUAZO',NULL,'1001861770','1'),
 (609,'MAYRA ALEXANDRA',NULL,'MORILLO CUMBA',NULL,'0401585633','1'),
 (610,'DARWIN ARTURO',NULL,'MONTENEGRO ROSERO',NULL,'0400597712','1'),
 (611,'MIRIAM TATIANA',NULL,'MONTENEGRO GUZMAN',NULL,'1003000484','1'),
 (612,'JONATAN ANDRES',NULL,'ANDRADE COLLAGUAZO',NULL,'1002585253','1'),
 (613,'LUCA GRACIELA',NULL,'VILLARRUEL CHIZA',NULL,'0401496971','1'),
 (614,'MAGDALENA ESPERANZA',NULL,'CANGAS',NULL,'1710641711','1'),
 (616,'JORGE RIGOBERTO',NULL,'MENESES AUPAS',NULL,'0400756839','1'),
 (618,'MELVA ROSARIO',NULL,'GUAMN PIZANAN',NULL,'0400649018','1'),
 (619,'OLIMPIA ESMERALDA',NULL,'CHAFUEL POZO',NULL,'0400506838','1'),
 (620,'ORNAN LEVI',NULL,'CRUZ HERRERA',NULL,'1001794641','1'),
 (621,'RIGOBERTO RICARDO',NULL,'ROSERO VOZMEDIANO',NULL,'1002411161','1'),
 (622,'SILVIA ALEXANDRA',NULL,'FLORES CADENA',NULL,'1001698297','1'),
 (623,'NGEL JOS',NULL,'CALERO GARCA',NULL,'1716235765','1'),
 (624,'NELLY MARGOTH',NULL,'LUCERO GUALAVISI',NULL,'1002268553','1');
/*!40000 ALTER TABLE `personas` ENABLE KEYS */;


--
-- Definition of table `policies`
--

DROP TABLE IF EXISTS `policies`;
CREATE TABLE `policies` (
  `id` int(11) NOT NULL AUTO_INCREMENT,
  `number` varchar(20) DEFAULT NULL,
  `amount` float DEFAULT NULL,
  PRIMARY KEY (`id`)
) ENGINE=InnoDB AUTO_INCREMENT=10 DEFAULT CHARSET=latin1;

--
-- Dumping data for table `policies`
--

/*!40000 ALTER TABLE `policies` DISABLE KEYS */;
INSERT INTO `policies` (`id`,`number`,`amount`) VALUES 
 (1,'100-100',10.05),
 (2,'101-101',1.55),
 (3,'102-102',3),
 (4,'1',1),
 (5,'1',1),
 (6,'2',2),
 (7,'3',3),
 (8,'3',3),
 (9,'4',4);
/*!40000 ALTER TABLE `policies` ENABLE KEYS */;


--
-- Definition of table `reuniones`
--

DROP TABLE IF EXISTS `reuniones`;
CREATE TABLE `reuniones` (
  `codigoreunion` int(10) unsigned NOT NULL AUTO_INCREMENT,
  `nombrereunion` varchar(45) NOT NULL,
  `fechareunion` timestamp NOT NULL DEFAULT CURRENT_TIMESTAMP ON UPDATE CURRENT_TIMESTAMP,
  `estado` varchar(1) NOT NULL,
  `usuarioregistro` varchar(15) DEFAULT NULL,
  `fecharegistro` timestamp NOT NULL DEFAULT '0000-00-00 00:00:00',
  `ordenreunion` int(10) unsigned NOT NULL,
  `valormulta` decimal(10,0) NOT NULL,
  PRIMARY KEY (`codigoreunion`),
  UNIQUE KEY `unique_nombrereunion` (`nombrereunion`) USING BTREE
) ENGINE=InnoDB AUTO_INCREMENT=15 DEFAULT CHARSET=latin1;

--
-- Dumping data for table `reuniones`
--

/*!40000 ALTER TABLE `reuniones` DISABLE KEYS */;
INSERT INTO `reuniones` (`codigoreunion`,`nombrereunion`,`fechareunion`,`estado`,`usuarioregistro`,`fecharegistro`,`ordenreunion`,`valormulta`) VALUES 
 (1,'ENERO 2019','2020-01-19 21:27:56','1',NULL,'2020-01-15 22:25:28',1,'10'),
 (2,'FEBRERO 2019','2020-01-19 21:27:56','1',NULL,'2020-01-15 22:26:22',2,'10'),
 (3,'MARZO 2019','2020-01-19 21:27:56','0',NULL,'2020-01-15 22:26:28',3,'10'),
 (5,'ABRIL 2019','2020-01-19 21:27:56','0',NULL,'2020-01-15 22:38:35',3,'10'),
 (6,'MAYO 2019','2020-01-19 21:27:56','0',NULL,'2020-01-15 22:38:36',3,'10'),
 (8,'JUNIO 2019','2020-01-19 21:27:56','1',NULL,'2020-01-15 22:39:10',6,'10'),
 (9,'JULIO 2019','2020-01-19 21:27:56','1',NULL,'2020-01-15 22:40:02',7,'10'),
 (10,'AGOSTO 2019','2020-01-19 21:27:56','1',NULL,'2020-01-15 22:40:03',8,'10'),
 (11,'SEPTIEMBRE 2019','2020-01-19 21:27:56','0',NULL,'2020-01-15 22:40:03',9,'10'),
 (12,'OCTUBRE 2019','2020-01-19 21:27:56','1',NULL,'2020-01-15 22:40:04',10,'10'),
 (13,'NOVIEMBRE 2019','2020-01-19 21:27:56','1',NULL,'2020-01-15 22:40:05',11,'10'),
 (14,'DICIEMBRE 2019','2020-01-19 21:27:56','0',NULL,'2020-01-15 22:40:06',12,'10');
/*!40000 ALTER TABLE `reuniones` ENABLE KEYS */;


--
-- Definition of function `sumar_pagos`
--

DROP FUNCTION IF EXISTS `sumar_pagos`;

DELIMITER $$

/*!50003 SET @TEMP_SQL_MODE=@@SQL_MODE, SQL_MODE='STRICT_TRANS_TABLES' */ $$
CREATE DEFINER=`root`@`localhost` FUNCTION `sumar_pagos`(codigolote INTEGER, codigocampo INTEGER, tipo VARCHAR(3)) RETURNS decimal(10,2)
    DETERMINISTIC
BEGIN
	DECLARE valortotal DECIMAL(10,2);

	IF tipo = 'DEP' THEN
        select sum(valorpagocuotalote) into valortotal 
        from pagos p 
        where p.estado = '1' and p.codigolote = codigolote and p.codigodeposito = codigocampo;
    END IF;
    
    IF tipo = 'CUO' THEN
        select sum(valorpagocuotalote) into valortotal 
        from pagos p 
        where p.estado = '1' and p.codigolote = codigolote and p.codigocuota = codigocampo;
    END IF;
   
   IF tipo = 'REU' THEN
        select sum(valorpagocuotalote) into valortotal 
        from pagos p 
        where p.estado = '1' and p.codigolote = codigolote and p.codigoreunion = codigocampo;
    END IF;

	RETURN valortotal;
END $$
/*!50003 SET SESSION SQL_MODE=@TEMP_SQL_MODE */  $$

DELIMITER ;



/*!40101 SET SQL_MODE=@OLD_SQL_MODE */;
/*!40014 SET FOREIGN_KEY_CHECKS=@OLD_FOREIGN_KEY_CHECKS */;
/*!40014 SET UNIQUE_CHECKS=@OLD_UNIQUE_CHECKS */;
/*!40101 SET CHARACTER_SET_CLIENT=@OLD_CHARACTER_SET_CLIENT */;
/*!40101 SET CHARACTER_SET_RESULTS=@OLD_CHARACTER_SET_RESULTS */;
/*!40101 SET COLLATION_CONNECTION=@OLD_COLLATION_CONNECTION */;
/*!40101 SET CHARACTER_SET_CLIENT=@OLD_CHARACTER_SET_CLIENT */;
